date,open,high,low,close
2016-01-04,9.89,9.99,9.62,9.99
2016-01-05,10.05,10.12,9.84,10.04
2016-01-06,9.59,9.84,9.48,9.66
2016-01-07,9.16,9.45,8.90,8.96
2016-01-08,9.14,9.21,8.62,8.66
2016-01-11,8.81,8.86,8.38,8.68
2016-01-12,8.92,9.02,8.56,8.90
2016-01-13,9.01,9.07,8.17,8.23
2016-01-14,8.33,8.81,8.08,8.63
2016-01-15,7.95,8.21,7.77,8.07
2016-01-19,8.36,8.37,7.87,8.11
2016-01-20,7.73,8.04,7.20,7.81
2016-01-21,7.88,8.20,7.68,7.92
2016-01-22,8.32,8.44,8.21,8.42
2016-01-25,8.33,8.36,8.00,8.04
2016-01-26,8.13,8.40,8.08,8.36
2016-01-27,8.29,8.54,7.95,8.09
2016-01-28,8.31,8.35,7.96,8.22
2016-01-29,8.33,8.83,8.32,8.83
2016-02-01,8.64,8.93,8.56,8.80
2016-02-02,8.56,8.57,8.24,8.33
2016-02-03,8.49,8.54,7.92,8.47
2016-02-04,8.40,8.66,8.30,8.51
2016-02-05,8.42,8.44,7.93,8.02
2016-02-08,7.74,7.79,7.37,7.69
2016-02-09,7.44,7.89,7.43,7.69
2016-02-10,7.83,8.06,7.66,7.68
2016-02-11,7.31,7.53,7.16,7.40
2016-02-12,7.63,7.84,7.51,7.84
2016-02-16,8.12,8.24,7.97,8.23
2016-02-17,8.41,8.70,8.39,8.63
2016-02-18,8.68,8.69,8.48,8.53
2016-02-19,8.41,8.54,8.31,8.53
2016-02-22,8.77,8.91,8.76,8.88
2016-02-23,8.79,8.83,8.53,8.56
2016-02-24,8.32,8.71,8.15,8.67
2016-02-25,8.74,8.98,8.62,8.98
2016-02-26,9.13,9.14,8.90,8.93
2016-02-29,8.94,9.08,8.68,8.68
2016-03-01,8.91,9.33,8.83,9.33
2016-03-02,9.28,9.46,9.20,9.46
2016-03-03,9.42,9.56,9.32,9.55
2016-03-04,9.60,9.78,9.46,9.65
2016-03-07,9.50,9.75,9.48,9.67
2016-03-08,9.49,9.58,9.33,9.35
2016-03-09,9.50,9.55,9.36,9.50
2016-03-10,9.58,9.74,9.21,9.51
2016-03-11,9.76,9.99,9.75,9.98
2016-03-14,9.89,10.02,9.83,9.94
2016-03-15,9.78,9.90,9.73,9.90
2016-03-16,9.80,10.13,9.80,10.08
2016-03-17,10.05,10.34,9.98,10.26
2016-03-18,10.33,10.44,10.29,10.38
2016-03-21,10.33,10.46,10.29,10.42
2016-03-22,10.28,10.50,10.25,10.41
2016-03-23,10.33,10.36,10.16,10.21
2016-03-24,10.00,10.19,9.97,10.18
2016-03-28,10.26,10.29,10.12,10.21
2016-03-29,10.12,10.50,10.07,10.50
2016-03-30,10.65,10.75,10.55,10.62
2016-03-31,10.61,10.68,10.51,10.55
2016-04-01,10.35,10.79,10.30,10.75
2016-04-04,10.75,10.77,10.59,10.65
2016-04-05,10.42,10.49,10.29,10.34
2016-04-06,10.35,10.68,10.30,10.66
2016-04-07,10.46,10.53,10.15,10.29
2016-04-08,10.49,10.57,10.27,10.37
2016-04-11,10.49,10.60,10.28,10.29
2016-04-12,10.33,10.63,10.25,10.58
2016-04-13,10.73,10.91,10.72,10.89
2016-04-14,10.91,10.99,10.84,10.90
2016-04-15,10.90,10.92,10.80,10.85
2016-04-18,10.76,11.10,10.74,11.09
2016-04-19,11.17,11.24,11.04,11.20
2016-04-20,11.20,11.36,11.11,11.22
2016-04-21,11.22,11.25,10.99,11.05
2016-04-22,10.98,11.09,10.88,11.05
2016-04-25,10.94,10.99,10.82,10.99
2016-04-26,11.05,11.13,10.95,11.05
2016-04-27,10.96,11.18,10.90,11.11
2016-04-28,10.96,11.17,10.72,10.81
2016-04-29,10.68,10.75,10.42,10.63
2016-05-02,10.72,10.91,10.64,10.87
2016-05-03,10.65,10.69,10.45,10.59
2016-05-04,10.41,10.54,10.32,10.40
2016-05-05,10.50,10.56,10.33,10.41
2016-05-06,10.27,10.53,10.24,10.51
2016-05-09,10.49,10.62,10.46,10.55
2016-05-10,10.67,10.94,10.66,10.94
2016-05-11,10.85,10.92,10.63,10.64
2016-05-12,10.76,10.78,10.45,10.63
2016-05-13,10.59,10.68,10.30,10.35
2016-05-16,10.39,10.75,10.38,10.66
2016-05-17,10.62,10.66,10.27,10.37
2016-05-18,10.30,10.58,10.18,10.38
2016-05-19,10.24,10.32,10.05,10.27
2016-05-20,10.38,10.55,10.36,10.46
2016-05-23,10.46,10.51,10.38,10.41
2016-05-24,10.56,10.88,10.56,10.82
2016-05-25,10.94,11.11,10.93,11.04
2016-05-26,11.07,11.11,10.99,11.05
2016-05-27,11.08,11.19,11.07,11.18
2016-05-31,11.24,11.26,11.02,11.13
2016-06-01,11.01,11.23,10.97,11.19
2016-06-02,11.12,11.30,11.03,11.30
2016-06-03,11.19,11.26,10.96,11.20
2016-06-06,11.26,11.43,11.23,11.37
2016-06-07,11.39,11.52,11.39,11.41
2016-06-08,11.44,11.55,11.42,11.52
2016-06-09,11.39,11.50,11.34,11.48
2016-06-10,11.21,11.28,11.05,11.15
2016-06-13,11.03,11.20,10.88,10.90
2016-06-14,10.83,10.94,10.65,10.84
2016-06-15,10.90,11.01,10.75,10.78
2016-06-16,10.61,10.91,10.44,10.88
2016-06-17,10.86,10.86,10.63,10.76
2016-06-20,11.12,11.24,10.95,10.96
2016-06-21,11.03,11.13,10.95,11.05
2016-06-22,11.06,11.20,10.96,10.98
2016-06-23,11.24,11.42,11.17,11.41
2016-06-24,10.23,10.78,10.10,10.18
2016-06-27,9.94,9.94,9.50,9.62
2016-06-28,9.91,10.15,9.86,10.15
2016-06-29,10.40,10.71,10.38,10.68
2016-06-30,10.75,11.12,10.65,11.09
2016-07-01,11.09,11.27,11.08,11.17
2016-07-05,11.02,11.04,10.82,10.94
2016-07-06,10.84,11.15,10.72,11.13
2016-07-07,11.17,11.29,10.97,11.10
2016-07-08,11.35,11.65,11.31,11.60
2016-07-11,11.70,11.84,11.65,11.72
2016-07-12,11.91,12.04,11.87,11.98
2016-07-13,12.06,12.07,11.88,11.98
2016-07-14,12.22,12.27,12.10,12.16
2016-07-15,12.28,12.29,12.04,12.13
2016-07-18,12.15,12.26,12.10,12.23
2016-07-19,12.14,12.19,12.09,12.18
2016-07-20,12.28,12.38,12.19,12.34
2016-07-21,12.31,12.36,12.11,12.20
2016-07-22,12.22,12.37,12.17,12.36
2016-07-25,12.32,12.33,12.14,12.27
2016-07-26,12.24,12.34,12.11,12.27
2016-07-27,12.35,12.36,12.08,12.24
2016-07-28,12.20,12.33,12.11,12.28
2016-07-29,12.23,12.40,12.17,12.33
2016-08-01,12.35,12.42,12.21,12.30
2016-08-02,12.25,12.28,11.90,12.06
2016-08-03,12.04,12.18,11.99,12.17
2016-08-04,12.19,12.27,12.11,12.21
2016-08-05,12.34,12.51,12.32,12.51
2016-08-08,12.55,12.57,12.43,12.49
2016-08-09,12.50,12.60,12.44,12.50
2016-08-10,12.53,12.54,12.34,12.41
2016-08-11,12.52,12.63,12.46,12.59
2016-08-12,12.51,12.59,12.47,12.55
2016-08-15,12.62,12.73,12.62,12.67
2016-08-16,12.57,12.58,12.46,12.46
2016-08-17,12.46,12.55,12.30,12.53
2016-08-18,12.53,12.62,12.50,12.61
2016-08-19,12.51,12.59,12.42,12.56
2016-08-22,12.51,12.60,12.43,12.55
2016-08-23,12.68,12.74,12.62,12.62
2016-08-24,12.60,12.62,12.35,12.45
2016-08-25,12.35,12.49,12.32,12.39
2016-08-26,12.44,12.65,12.16,12.34
2016-08-29,12.36,12.57,12.36,12.51
2016-08-30,12.50,12.56,12.34,12.45
2016-08-31,12.39,12.41,12.19,12.34
2016-09-01,12.35,12.40,12.12,12.35
2016-09-02,12.51,12.60,12.40,12.51
2016-09-06,12.57,12.63,12.43,12.63
2016-09-07,12.59,12.66,12.50,12.63
2016-09-08,12.55,12.61,12.47,12.53
2016-09-09,12.28,12.28,11.63,11.64
2016-09-12,11.48,12.21,11.47,12.12
2016-09-13,11.88,11.92,11.48,11.60
2016-09-14,11.61,11.84,11.48,11.58
2016-09-15,11.56,12.01,11.52,11.93
2016-09-16,11.81,11.85,11.66,11.80
2016-09-19,11.92,12.05,11.74,11.79
2016-09-20,11.97,12.00,11.80,11.81
2016-09-21,11.93,12.23,11.80,12.20
2016-09-22,12.39,12.48,12.35,12.42
2016-09-23,12.35,12.37,12.20,12.23
2016-09-26,12.06,12.09,11.89,11.92
2016-09-27,11.89,12.16,11.82,12.15
2016-09-28,12.19,12.35,12.00,12.32
2016-09-29,12.28,12.36,11.88,11.99
2016-09-30,12.15,12.39,12.10,12.27
2016-10-03,12.17,12.21,12.04,12.16
2016-10-04,12.20,12.23,11.87,11.99
2016-10-05,12.10,12.22,12.09,12.15
2016-10-06,12.09,12.20,11.99,12.17
2016-10-07,12.21,12.25,11.89,12.03
2016-10-10,12.22,12.31,12.19,12.22
2016-10-11,12.13,12.15,11.62,11.77
2016-10-12,11.79,11.91,11.69,11.81
2016-10-13,11.55,11.79,11.39,11.69
2016-10-14,11.89,11.96,11.69,11.71
2016-10-17,11.70,11.75,11.55,11.59
2016-10-18,11.89,11.89,11.73,11.79
2016-10-19,11.84,11.95,11.78,11.89
2016-10-20,11.82,11.93,11.70,11.82
2016-10-21,11.67,11.86,11.64,11.83
2016-10-24,12.00,12.06,11.92,11.98
2016-10-25,11.96,12.00,11.84,11.88
2016-10-26,11.71,11.91,11.66,11.80
2016-10-27,11.94,11.94,11.69,11.70
2016-10-28,11.69,11.82,11.46,11.59
2016-10-31,11.66,11.70,11.56,11.58
2016-11-01,11.65,11.66,11.11,11.35
2016-11-02,11.28,11.35,11.05,11.13
2016-11-03,11.18,11.21,10.93,10.98
2016-11-04,11.00,11.16,10.92,10.93
2016-11-07,11.40,11.67,11.38,11.65
2016-11-08,11.59,11.93,11.54,11.81
2016-11-09,11.52,12.32,11.52,12.21
2016-11-10,12.36,12.53,12.00,12.29
2016-11-11,12.16,12.25,12.02,12.21
2016-11-14,12.31,12.35,12.09,12.23
2016-11-15,12.31,12.51,12.27,12.51
2016-11-16,12.39,12.49,12.37,12.45
2016-11-17,12.47,12.65,12.45,12.63
2016-11-18,12.65,12.68,12.51,12.55
2016-11-21,12.67,12.84,12.64,12.83
2016-11-22,12.90,12.95,12.76,12.91
2016-11-23,12.80,12.94,12.76,12.93
2016-11-25,13.00,13.08,12.98,13.08
2016-11-28,13.01,13.06,12.87,12.89
2016-11-29,12.90,13.05,12.83,12.97
2016-11-30,13.09,13.12,12.85,12.86
2016-12-01,12.92,12.93,12.65,12.71
2016-12-02,12.74,12.84,12.67,12.74
2016-12-05,12.91,13.04,12.87,12.95
2016-12-06,13.01,13.10,12.91,13.10
2016-12-07,13.06,13.62,13.03,13.60
2016-12-08,13.60,13.80,13.54,13.70
2016-12-09,13.76,13.95,13.75,13.94
2016-12-12,13.94,14.04,13.82,13.91
2016-12-13,14.04,14.29,14.04,14.17
2016-12-14,14.11,14.27,13.73,13.85
2016-12-15,13.89,14.18,13.85,13.99
2016-12-16,14.10,14.11,13.85,13.93
2016-12-19,13.97,14.10,13.93,14.01
2016-12-20,14.12,14.20,14.07,14.15
2016-12-21,14.14,14.18,14.05,14.05
2016-12-22,14.01,14.04,13.89,13.98
2016-12-23,13.97,14.03,13.94,14.02
2016-12-27,14.09,14.22,14.09,14.13
2016-12-28,14.18,14.19,13.76,13.79
2016-12-29,13.80,13.87,13.68,13.77
2016-12-30,13.84,13.86,13.48,13.63
2017-01-03,13.90,14.03,13.68,13.92
2017-01-04,13.99,14.20,13.99,14.17
2017-01-05,14.11,14.17,13.97,14.13
2017-01-06,14.16,14.39,14.04,14.29
2017-01-09,14.23,14.26,14.14,14.15
2017-01-10,14.15,14.33,14.06,14.13
2017-01-11,14.11,14.25,13.98,14.25
2017-01-12,14.15,14.19,13.86,14.15
2017-01-13,14.19,14.31,14.18,14.24
2017-01-17,14.10,14.20,14.01,14.11
2017-01-18,14.15,14.19,14.03,14.18
2017-01-19,14.20,14.24,13.94,14.03
2017-01-20,14.18,14.29,14.06,14.18
2017-01-23,14.10,14.19,13.91,14.07
2017-01-24,14.11,14.43,14.09,14.34
2017-01-25,14.55,14.71,14.50,14.69
2017-01-26,14.68,14.74,14.60,14.65
2017-01-27,14.68,14.71,14.55,14.60
2017-01-30,14.43,14.44,14.10,14.34
2017-01-31,14.21,14.33,14.09,14.33
2017-02-01,14.45,14.51,14.20,14.34
2017-02-02,14.25,14.42,14.18,14.36
2017-02-03,14.55,14.69,14.49,14.65
2017-02-06,14.56,14.64,14.50,14.58
2017-02-07,14.66,14.71,14.53,14.57
2017-02-08,14.51,14.65,14.45,14.63
2017-02-09,14.69,14.95,14.68,14.88
2017-02-10,14.97,15.11,14.94,15.06
2017-02-13,15.17,15.36,15.17,15.29
2017-02-14,15.26,15.49,15.18,15.48
2017-02-15,15.43,15.77,15.42,15.72
2017-02-16,15.73,15.77,15.51,15.69
2017-02-17,15.53,15.75,15.53,15.75
2017-02-21,15.85,16.08,15.84,16.02
2017-02-22,15.94,16.05,15.90,15.99
2017-02-23,16.12,16.12,15.85,16.03
2017-02-24,15.82,16.09,15.81,16.08
2017-02-27,16.07,16.19,16.00,16.16
2017-02-28,16.07,16.12,15.93,16.04
2017-03-01,16.41,16.80,16.41,16.68
2017-03-02,16.65,16.65,16.37,16.40
2017-03-03,16.36,16.45,16.27,16.41
2017-03-06,16.20,16.34,16.12,16.27
2017-03-07,16.19,16.27,16.07,16.13
2017-03-08,16.18,16.24,15.99,16.02
2017-03-09,16.04,16.15,15.85,16.08
2017-03-10,16.31,16.32,16.03,16.24
2017-03-13,16.23,16.28,16.15,16.26
2017-03-14,16.14,16.15,15.94,16.09
2017-03-15,16.21,16.59,16.16,16.48
2017-03-16,16.53,16.55,16.32,16.41
2017-03-17,16.47,16.50,16.30,16.30
2017-03-20,16.30,16.37,16.16,16.24
2017-03-21,16.40,16.42,15.60,15.64
2017-03-22,15.63,15.80,15.49,15.73
2017-03-23,15.67,15.94,15.60,15.68
2017-03-24,15.75,15.89,15.47,15.65
2017-03-27,15.25,15.66,15.19,15.59
2017-03-28,15.53,16.04,15.50,15.92
2017-03-29,15.86,16.03,15.81,15.99
2017-03-30,15.97,16.18,15.92,16.11
2017-03-31,16.04,16.17,16.00,16.00
2017-04-03,16.03,16.07,15.64,15.94
2017-04-04,15.86,15.98,15.77,15.97
2017-04-05,16.11,16.34,15.77,15.80
2017-04-06,15.85,16.06,15.74,15.93
2017-04-07,15.89,16.05,15.78,15.89
2017-04-10,15.92,16.10,15.80,15.91
2017-04-11,15.82,15.88,15.51,15.86
2017-04-12,15.79,15.83,15.59,15.66
2017-04-13,15.57,15.74,15.35,15.36
2017-04-17,15.46,15.75,15.41,15.75
2017-04-18,15.58,15.72,15.45,15.60
2017-04-19,15.74,15.82,15.46,15.52
2017-04-20,15.65,15.99,15.58,15.88
2017-04-21,15.87,15.88,15.64,15.74
2017-04-24,16.26,16.30,16.14,16.24
2017-04-25,16.40,16.62,16.38,16.53
2017-04-26,16.53,16.74,16.49,16.51
2017-04-27,16.59,16.61,16.41,16.55
2017-04-28,16.60,16.61,16.40,16.44
2017-05-01,16.54,16.65,16.46,16.55
2017-05-02,16.59,16.61,16.48,16.58
2017-05-03,16.47,16.56,16.35,16.52
2017-05-04,16.58,16.60,16.36,16.55
2017-05-05,16.64,16.76,16.55,16.76
2017-05-08,16.76,16.80,16.65,16.75
2017-05-09,16.81,16.85,16.62,16.71
2017-05-10,16.68,16.78,16.63,16.78
2017-05-11,16.67,16.72,16.42,16.69
2017-05-12,16.62,16.64,16.53,16.61
2017-05-15,16.69,16.89,16.69,16.86
2017-05-16,16.94,16.94,16.73,16.82
2017-05-17,16.40,16.51,15.91,15.93
2017-05-18,15.89,16.30,15.84,16.10
2017-05-19,16.23,16.58,16.21,16.41
2017-05-22,16.53,16.71,16.52,16.68
2017-05-23,16.76,16.82,16.67,16.78
2017-05-24,16.84,16.92,16.75,16.88
2017-05-25,17.00,17.20,16.96,17.11
2017-05-26,17.08,17.16,17.07,17.12
2017-05-30,17.04,17.13,17.00,17.08
2017-05-31,17.14,17.15,16.89,17.05
2017-06-01,17.15,17.46,17.10,17.45
2017-06-02,17.47,17.67,17.40,17.62
2017-06-05,17.59,17.66,17.55,17.60
2017-06-06,17.45,17.59,17.41,17.44
2017-06-07,17.51,17.57,17.34,17.52
2017-06-08,17.53,17.66,17.41,17.54
2017-06-09,17.61,17.81,17.15,17.46
2017-06-12,17.39,17.46,17.24,17.44
2017-06-13,17.58,17.71,17.50,17.69
2017-06-14,17.77,17.77,17.42,17.63
2017-06-15,17.29,17.56,17.22,17.52
2017-06-16,17.56,17.56,17.31,17.52
2017-06-19,17.74,17.98,17.71,17.96
2017-06-20,17.87,17.88,17.60,17.62
2017-06-21,17.68,17.72,17.47,17.58
2017-06-22,17.59,17.71,17.52,17.56
2017-06-23,17.59,17.70,17.48,17.64
2017-06-26,17.79,17.89,17.60,17.65
2017-06-27,17.59,17.67,17.23,17.24
2017-06-28,17.48,17.73,17.42,17.68
2017-06-29,17.72,17.73,16.91,17.23
2017-06-30,17.41,17.50,17.26,17.31
2017-07-03,17.54,17.65,17.40,17.40
2017-07-05,17.48,17.56,17.28,17.51
2017-07-06,17.32,17.35,16.99,17.04
2017-07-07,17.17,17.39,17.13,17.36
2017-07-10,17.33,17.50,17.28,17.40
2017-07-11,17.36,17.45,17.08,17.36
2017-07-12,17.60,17.79,17.60,17.76
2017-07-13,17.76,17.87,17.70,17.84
2017-07-14,17.85,18.18,17.82,18.08
2017-07-17,18.07,18.17,18.04,18.08
2017-07-18,17.98,18.12,17.89,18.11
2017-07-19,18.19,18.40,18.18,18.40
2017-07-20,18.46,18.49,18.29,18.41
2017-07-21,18.28,18.38,18.21,18.38
2017-07-24,18.35,18.39,18.24,18.36
2017-07-25,18.55,18.57,18.43,18.47
2017-07-26,18.56,18.57,18.41,18.48
2017-07-27,18.61,18.61,18.10,18.44
2017-07-28,18.30,18.39,18.19,18.35
2017-07-31,18.46,18.48,18.27,18.33
2017-08-01,18.48,18.49,18.34,18.44
2017-08-02,18.48,18.51,18.23,18.46
2017-08-03,18.45,18.45,18.29,18.37
2017-08-04,18.48,18.54,18.36,18.45
2017-08-07,18.47,18.56,18.44,18.55
2017-08-08,18.48,18.79,18.32,18.43
2017-08-09,18.24,18.42,18.14,18.40
2017-08-10,18.19,18.22,17.62,17.64
2017-08-11,17.68,17.85,17.62,17.71
2017-08-14,18.02,18.28,18.01,18.23
2017-08-15,18.33,18.33,18.14,18.22
2017-08-16,18.33,18.45,18.20,18.30
2017-08-17,18.15,18.23,17.45,17.46
2017-08-18,17.41,17.68,17.26,17.36
2017-08-21,17.35,17.46,17.17,17.41
2017-08-22,17.54,17.99,17.54,17.93
2017-08-23,17.70,17.85,17.66,17.75
2017-08-24,17.85,17.88,17.57,17.63
2017-08-25,17.81,17.97,17.71,17.74
2017-08-28,17.86,17.88,17.64,17.75
2017-08-29,17.42,17.86,17.39,17.80
2017-08-30,17.80,18.12,17.75,18.06
2017-08-31,18.21,18.43,18.19,18.37
2017-09-01,18.48,18.56,18.42,18.47
2017-09-05,18.32,18.37,17.80,18.05
2017-09-06,18.23,18.31,18.08,18.23
2017-09-07,18.31,18.31,18.11,18.22
2017-09-08,18.14,18.27,18.09,18.14
2017-09-11,18.47,18.75,18.47,18.71
2017-09-12,18.82,18.92,18.77,18.92
2017-09-13,18.83,18.95,18.82,18.95
2017-09-14,18.86,18.97,18.81,18.93
2017-09-15,18.88,19.01,18.85,19.01
2017-09-18,19.08,19.20,19.01,19.11
2017-09-19,19.17,19.19,19.08,19.16
2017-09-20,19.18,19.21,18.93,19.19
2017-09-21,19.13,19.16,18.98,19.02
2017-09-22,18.94,19.08,18.94,19.03
2017-09-25,18.96,19.06,18.72,18.91
2017-09-26,19.02,19.08,18.88,18.95
2017-09-27,19.13,19.26,18.90,19.15
2017-09-28,19.09,19.24,19.06,19.23
2017-09-29,19.21,19.45,19.17,19.41
2017-10-02,19.48,19.67,19.46,19.66
2017-10-03,19.71,19.80,19.65,19.80
2017-10-04,19.76,19.93,19.73,19.86
2017-10-05,19.94,20.22,19.92,20.20
2017-10-06,20.09,20.16,20.02,20.15
2017-10-09,20.20,20.22,19.97,20.05
2017-10-10,20.19,20.30,20.05,20.19
2017-10-11,20.17,20.29,20.13,20.28
2017-10-12,20.21,20.29,20.13,20.20
2017-10-13,20.31,20.34,20.22,20.25
2017-10-16,20.32,20.40,20.23,20.34
2017-10-17,20.32,20.40,20.27,20.38
2017-10-18,20.49,20.50,20.39,20.44
2017-10-19,20.22,20.46,20.11,20.46
2017-10-20,20.68,20.77,20.60,20.75
2017-10-23,20.85,20.85,20.50,20.52
2017-10-24,20.64,20.69,20.53,20.62
2017-10-25,20.54,20.56,20.01,20.33
2017-10-26,20.48,20.56,20.36,20.38
2017-10-27,20.61,20.93,20.52,20.89
2017-10-30,20.73,20.86,20.57,20.66
2017-10-31,20.76,20.82,20.67,20.74
2017-11-01,20.96,21.06,20.73,20.84
2017-11-02,20.81,20.89,20.51,20.86
2017-11-03,20.90,21.06,20.78,21.05
2017-11-06,21.01,21.18,20.99,21.13
2017-11-07,21.18,21.27,20.96,21.11
2017-11-08,21.06,21.23,20.98,21.22
2017-11-09,20.85,21.03,20.53,20.97
2017-11-10,20.86,20.97,20.77,20.94
2017-11-13,20.76,21.06,20.74,21.00
2017-11-14,20.78,20.88,20.56,20.87
2017-11-15,20.60,20.73,20.34,20.54
2017-11-16,20.78,21.15,20.78,21.04
2017-11-17,20.95,21.01,20.84,20.88
2017-11-20,20.94,21.02,20.86,20.97
2017-11-21,21.18,21.42,21.16,21.37
2017-11-22,21.38,21.41,21.27,21.31
2017-11-24,21.44,21.49,21.41,21.45
2017-11-27,21.46,21.55,21.37,21.43
2017-11-28,21.56,22.08,21.52,22.07
2017-11-29,22.12,22.26,21.90,22.03
2017-11-30,22.28,22.86,22.26,22.58
2017-12-01,22.55,22.68,21.52,22.45
2017-12-04,22.94,23.05,22.36,22.37
2017-12-05,22.44,22.62,22.09,22.13
2017-12-06,22.04,22.27,22.01,22.13
2017-12-07,22.10,22.43,22.06,22.34
2017-12-08,22.58,22.71,22.51,22.70
2017-12-11,22.73,22.92,22.70,22.92
2017-12-12,22.99,23.17,22.92,23.03
2017-12-13,23.11,23.23,23.00,23.02
2017-12-14,23.11,23.13,22.71,22.73
2017-12-15,23.03,23.42,23.01,23.29
2017-12-18,23.71,23.83,23.67,23.73
2017-12-19,23.81,23.81,23.44,23.46
2017-12-20,23.74,23.76,23.33,23.42
2017-12-21,23.58,23.76,23.49,23.54
2017-12-22,23.55,23.56,23.37,23.52
2017-12-26,23.39,23.49,23.36,23.43
2017-12-27,23.47,23.57,23.39,23.48
2017-12-28,23.59,23.61,23.49,23.59
2017-12-29,23.77,23.77,23.27,23.36
2018-01-02,23.58,23.84,23.47,23.84
2018-01-03,23.89,24.32,23.88,24.27
2018-01-04,24.47,24.72,24.44,24.58
2018-01-05,24.82,25.10,24.66,25.06
2018-01-08,25.03,25.24,24.93,25.18
2018-01-09,25.32,25.55,25.24,25.36
2018-01-10,25.12,25.32,24.91,25.24
2018-01-11,25.42,25.77,25.35,25.76
2018-01-12,25.87,26.33,25.83,26.27
2018-01-16,26.70,26.89,25.80,26.00
2018-01-17,26.30,26.87,26.07,26.75
2018-01-18,26.71,26.84,26.45,26.62
2018-01-19,26.79,26.96,26.61,26.95
2018-01-22,26.88,27.62,26.88,27.61
2018-01-23,27.64,27.89,27.53,27.81
2018-01-24,28.01,28.21,27.36,27.75
2018-01-25,28.04,28.07,27.53,27.79
2018-01-26,28.07,28.74,27.97,28.74
2018-01-29,28.55,28.69,28.12,28.15
2018-01-30,27.52,27.75,27.13,27.28
2018-01-31,27.57,27.74,26.98,27.61
2018-02-01,27.06,27.66,26.98,27.23
2018-02-02,26.76,26.83,25.44,25.47
2018-02-05,24.85,25.55,22.06,22.33
2018-02-06,21.18,23.71,20.92,23.62
2018-02-07,23.38,24.41,23.17,23.18
2018-02-08,23.27,23.31,20.57,20.60
2018-02-09,21.34,21.98,19.44,21.55
2018-02-12,22.06,22.84,21.57,22.40
2018-02-13,22.06,22.75,21.92,22.59
2018-02-14,22.20,23.61,22.17,23.52
2018-02-15,24.00,24.39,23.28,24.38
2018-02-16,24.20,25.01,24.18,24.40
2018-02-20,24.12,24.56,23.71,23.97
2018-02-21,24.08,24.82,23.57,23.59
2018-02-22,23.86,24.36,23.47,23.68
2018-02-23,24.04,24.81,23.90,24.81
2018-02-26,25.13,25.69,24.96,25.67
2018-02-27,25.73,25.94,24.68,24.68
2018-02-28,25.03,25.17,23.85,23.88
2018-03-01,23.90,24.34,22.44,22.90
2018-03-02,22.36,23.40,22.14,23.26
2018-03-05,22.88,24.22,22.86,24.04
2018-03-06,24.33,24.35,23.77,24.23
2018-03-07,23.56,24.30,23.51,24.21
2018-03-08,24.41,24.57,24.09,24.53
2018-03-09,24.97,25.81,24.87,25.81
2018-03-12,25.92,26.10,25.59,25.71
2018-03-13,26.08,26.23,25.03,25.22
2018-03-14,25.51,25.57,24.65,24.82
2018-03-15,24.97,25.16,24.58,24.73
2018-03-16,24.84,25.13,24.79,24.81
2018-03-19,24.58,24.58,23.29,23.80
2018-03-20,23.90,24.10,23.71,23.91
2018-03-21,23.87,24.50,23.68,23.77
2018-03-22,23.05,23.31,21.89,22.19
2018-03-23,22.09,22.29,20.51,20.55
2018-03-26,21.54,22.31,20.89,22.25
2018-03-27,22.49,22.65,20.65,21.08
2018-03-28,21.12,21.57,20.60,20.90
2018-03-29,21.21,22.20,21.01,21.79
2018-04-02,21.55,21.69,19.58,20.29
2018-04-03,20.63,21.18,20.12,21.06
2018-04-04,20.08,21.93,20.04,21.79
2018-04-05,22.19,22.47,21.90,22.24
2018-04-06,21.64,22.10,20.32,20.77
2018-04-09,21.17,21.97,20.93,21.02
2018-04-10,21.84,22.26,21.52,22.02
2018-04-11,21.62,22.17,21.62,21.70
2018-04-12,22.07,22.48,22.01,22.21
2018-04-13,22.61,22.62,21.74,22.02
2018-04-16,22.48,22.77,22.24,22.55
2018-04-17,23.07,23.45,22.92,23.28
2018-04-18,23.43,23.57,23.21,23.33
2018-04-19,23.11,23.18,22.63,22.92
2018-04-20,22.91,22.96,22.09,22.34
2018-04-23,22.52,22.66,22.02,22.33
2018-04-24,22.63,22.67,21.00,21.44
2018-04-25,21.40,21.70,20.90,21.58
2018-04-26,21.85,22.46,21.73,22.24
2018-04-27,22.41,22.49,22.03,22.28
2018-04-30,22.45,22.61,21.74,21.76
2018-05-01,21.62,21.91,21.18,21.88
2018-05-02,21.83,22.05,21.33,21.42
2018-05-03,21.17,21.46,20.42,21.27
2018-05-04,21.02,22.30,20.92,22.10
2018-05-07,22.33,22.60,22.13,22.32
2018-05-08,22.20,22.42,21.88,22.32
2018-05-09,22.50,23.05,22.37,22.98
2018-05-10,23.16,23.69,23.14,23.61
2018-05-11,23.64,23.89,23.49,23.74
2018-05-14,23.93,24.13,23.69,23.84
2018-05-15,23.48,23.49,23.08,23.33
2018-05-16,23.34,23.77,23.34,23.63
2018-05-17,23.54,23.88,23.34,23.57
2018-05-18,23.47,23.57,23.28,23.39
2018-05-21,23.82,24.07,23.71,23.91
2018-05-22,24.09,24.14,23.61,23.71
2018-05-23,23.32,23.91,23.28,23.89
2018-05-24,23.80,23.85,23.22,23.76
2018-05-25,23.59,23.75,23.42,23.56
2018-05-29,23.09,23.30,22.42,22.79
2018-05-30,23.15,23.78,23.10,23.66
2018-05-31,23.51,23.61,23.03,23.17
2018-06-01,23.58,23.97,23.56,23.90
2018-06-04,24.13,24.30,24.06,24.24
2018-06-05,24.26,24.38,24.02,24.31
2018-06-06,24.46,24.92,24.27,24.92
2018-06-07,25.00,25.11,24.58,24.88
2018-06-08,24.71,25.09,24.67,25.08
2018-06-11,25.15,25.39,25.10,25.18
2018-06-12,25.31,25.37,25.07,25.29
2018-06-13,25.34,25.42,24.96,25.00
2018-06-14,25.21,25.36,25.02,25.21
2018-06-15,24.97,25.20,24.62,25.11
2018-06-18,24.63,24.97,24.49,24.93
2018-06-19,24.23,24.72,24.11,24.65
2018-06-20,24.84,24.95,24.65,24.73
2018-06-21,24.72,24.74,24.12,24.28
2018-06-22,24.64,24.67,24.34,24.39
2018-06-25,24.04,24.09,22.90,23.42
2018-06-26,23.57,23.79,23.33,23.55
2018-06-27,23.71,24.13,22.92,22.96
2018-06-28,22.90,23.56,22.72,23.37
2018-06-29,23.66,24.05,23.42,23.44
2018-07-02,22.95,23.63,22.90,23.57
2018-07-03,23.85,23.87,23.20,23.30
2018-07-05,23.65,23.90,23.33,23.89
2018-07-06,23.89,24.60,23.78,24.46
2018-07-09,24.80,25.15,24.78,25.14
2018-07-10,25.25,25.44,25.19,25.40
2018-07-11,24.94,25.17,24.75,24.87
2018-07-12,25.24,25.53,25.04,25.50
2018-07-13,25.45,25.67,25.32,25.55
2018-07-16,25.59,25.62,25.37,25.50
2018-07-17,25.26,25.93,25.24,25.82
2018-07-18,25.82,26.00,25.69,25.96
2018-07-19,25.76,25.86,25.51,25.66
2018-07-20,25.59,25.78,25.52,25.57
2018-07-23,25.50,25.76,25.39,25.72
2018-07-24,26.12,26.35,25.82,26.07
2018-07-25,26.02,26.85,25.99,26.78
2018-07-26,26.52,26.77,26.48,26.53
2018-07-27,26.67,26.67,25.71,26.01
2018-07-30,26.02,26.08,25.42,25.58
2018-07-31,25.84,26.16,25.71,25.96
2018-08-01,26.01,26.18,25.64,25.85
2018-08-02,25.43,26.29,25.36,26.23
2018-08-03,26.28,26.59,26.23,26.59
2018-08-06,26.58,26.96,26.46,26.88
2018-08-07,27.07,27.25,27.04,27.12
2018-08-08,27.07,27.21,26.94,27.06
2018-08-09,27.10,27.22,26.92,26.95
2018-08-10,26.47,26.67,26.19,26.41
2018-08-13,26.49,26.69,26.02,26.13
2018-08-14,26.35,26.68,26.22,26.62
2018-08-15,26.18,26.22,25.55,26.03
2018-08-16,26.45,26.90,26.44,26.62
2018-08-17,26.53,27.04,26.43,26.88
2018-08-20,27.04,27.15,26.90,27.09
2018-08-21,27.23,27.54,27.19,27.24
2018-08-22,27.13,27.37,27.04,27.22
2018-08-23,27.12,27.41,26.98,27.07
2018-08-24,27.26,27.61,27.25,27.56
2018-08-27,27.96,28.25,27.91,28.20
2018-08-28,28.38,28.40,28.11,28.24
2018-08-29,28.32,28.78,28.25,28.70
2018-08-30,28.52,28.65,28.15,28.33
2018-08-31,28.19,28.49,28.04,28.32
2018-09-04,28.18,28.30,27.85,28.19
2018-09-05,28.06,28.13,27.62,27.96
2018-09-06,27.97,28.07,27.35,27.69
2018-09-07,27.35,27.84,27.27,27.51
2018-09-10,27.85,27.92,27.59,27.67
2018-09-11,27.45,28.08,27.33,27.96
2018-09-12,27.94,28.14,27.69,27.96
2018-09-13,28.29,28.49,28.19,28.42
2018-09-14,28.51,28.55,28.18,28.45
2018-09-17,28.41,28.42,27.89,27.98
2018-09-18,28.04,28.62,28.04,28.43
2018-09-19,28.44,28.65,28.40,28.52
2018-09-20,28.90,29.30,28.89,29.19
2018-09-21,29.43,29.48,29.06,29.11
2018-09-24,28.92,28.96,28.62,28.84
2018-09-25,28.97,29.00,28.66,28.72
2018-09-26,28.75,29.15,28.32,28.44
2018-09-27,28.59,29.03,28.51,28.67
2018-09-28,28.48,28.84,28.46,28.64
2018-10-01,29.09,29.33,28.75,28.96
2018-10-02,28.94,29.16,28.80,28.93
2018-10-03,29.25,29.41,28.85,28.97
2018-10-04,28.80,28.80,27.74,28.28
2018-10-05,28.33,28.51,27.32,27.83
2018-10-08,27.56,27.90,27.11,27.78
2018-10-09,27.67,28.09,27.48,27.67
2018-10-10,27.49,27.50,24.91,25.01
2018-10-11,24.71,25.16,22.87,23.39
2018-10-12,24.55,24.62,23.40,24.33
2018-10-15,24.21,24.61,23.88,23.92
2018-10-16,24.49,25.59,24.35,25.42
2018-10-17,25.48,25.67,24.70,25.48
2018-10-18,25.19,25.36,23.98,24.38
2018-10-19,24.57,25.12,24.12,24.31
2018-10-22,24.51,24.61,23.83,24.01
2018-10-23,22.90,23.94,22.31,23.60
2018-10-24,23.54,23.65,21.31,21.44
2018-10-25,21.96,23.03,21.68,22.63
2018-10-26,21.55,22.27,20.65,21.40
2018-10-29,22.24,22.59,20.08,21.03
2018-10-30,21.00,22.06,20.86,22.00
2018-10-31,22.68,23.31,22.56,22.69
2018-11-01,22.92,23.44,22.60,23.40
2018-11-02,23.70,23.82,22.38,22.94
2018-11-05,23.09,23.50,22.83,23.36
2018-11-06,23.32,23.82,23.31,23.78
2018-11-07,24.42,25.33,24.29,25.29
2018-11-08,25.06,25.35,24.81,25.14
2018-11-09,24.74,24.81,23.99,24.44
2018-11-12,24.25,24.33,22.89,23.02
2018-11-13,23.17,23.73,22.70,22.91
2018-11-14,23.43,23.54,21.98,22.41
2018-11-15,22.06,23.24,21.63,23.12
2018-11-16,22.82,23.55,22.64,23.29
2018-11-19,23.13,23.19,21.85,22.15
2018-11-20,21.18,21.58,20.62,20.89
2018-11-21,21.25,21.57,21.07,21.09
2018-11-23,20.61,21.02,20.61,20.66
2018-11-26,21.26,21.65,21.14,21.64
2018-11-27,21.36,21.85,21.19,21.85
2018-11-28,22.15,23.35,21.89,23.34
2018-11-29,23.14,23.60,22.81,23.19
2018-11-30,23.14,23.79,23.06,23.66
2018-12-03,24.83,24.85,24.10,24.54
2018-12-04,24.31,24.42,22.07,22.21
2018-12-06,21.07,22.07,20.22,22.07
2018-12-07,21.93,22.39,20.27,20.52
2018-12-10,20.44,20.86,19.34,20.62
2018-12-11,21.43,21.50,20.24,20.61
2018-12-12,21.40,21.75,20.91,20.94
2018-12-13,21.18,21.40,20.61,20.91
2018-12-14,20.32,20.58,19.59,19.74
2018-12-17,19.48,19.76,18.15,18.55
2018-12-18,18.95,19.11,18.11,18.51
2018-12-19,18.52,19.41,17.25,17.66
2018-12-20,17.34,17.71,16.25,16.80
2018-12-21,16.98,17.58,15.60,15.74
2018-12-24,15.40,15.65,14.49,14.50
2018-12-26,14.75,16.58,14.33,16.58
2018-12-27,15.89,17.03,15.15,17.02
2018-12-28,17.27,17.67,16.65,16.93
2018-12-31,17.27,17.41,16.87,17.39
2019-01-02,16.56,17.62,16.52,17.43
2019-01-03,17.01,17.07,16.04,16.13
2019-01-04,16.82,17.91,16.74,17.77
2019-01-07,17.84,18.52,17.61,18.17
2019-01-08,18.73,18.83,18.10,18.68
2019-01-09,18.87,19.17,18.58,18.93
2019-01-10,18.57,19.20,18.41,19.17
2019-01-11,18.88,19.16,18.73,19.15
2019-01-14,18.69,19.01,18.59,18.83
2019-01-15,18.91,19.53,18.91,19.46
2019-01-16,19.56,19.81,19.51,19.58
2019-01-17,19.36,20.24,19.36,20.02
2019-01-18,20.49,20.94,20.28,20.81
2019-01-22,20.43,20.48,19.56,19.98
2019-01-23,20.24,20.40,19.47,20.08
2019-01-24,20.04,20.26,19.78,20.13
2019-01-25,20.59,20.83,20.47,20.62
2019-01-28,20.05,20.17,19.69,20.17
2019-01-29,20.17,20.32,19.86,20.08
2019-01-30,20.45,21.22,20.25,21.02
2019-01-31,20.98,21.67,20.94,21.55
2019-02-01,21.61,21.85,21.38,21.58
2019-02-04,21.59,22.05,21.41,22.04
2019-02-05,22.16,22.39,22.02,22.32
2019-02-06,22.22,22.36,22.01,22.21
2019-02-07,21.76,21.91,21.12,21.57
2019-02-08,21.21,21.65,21.01,21.65
2019-02-11,21.82,21.88,21.54,21.69
2019-02-12,22.11,22.61,22.09,22.52
2019-02-13,22.74,22.96,22.62,22.72
2019-02-14,22.41,22.87,22.18,22.56
2019-02-15,23.05,23.30,22.98,23.29
2019-02-19,23.06,23.59,23.06,23.40
2019-02-20,23.40,23.67,23.25,23.54
2019-02-21,23.36,23.45,23.01,23.28
2019-02-22,23.46,23.76,23.38,23.72
2019-02-25,24.11,24.26,23.78,23.82
2019-02-26,23.69,23.99,23.64,23.75
2019-02-27,23.54,23.81,23.27,23.71
2019-02-28,23.62,23.75,23.47,23.55
2019-03-01,24.01,24.12,23.60,24.02
2019-03-04,24.31,24.36,23.08,23.73
2019-03-05,23.77,23.82,23.48,23.63
2019-03-06,23.65,23.65,23.10,23.20
2019-03-07,23.06,23.09,22.36,22.62
2019-03-08,22.09,22.50,21.96,22.48
2019-03-11,22.65,23.48,22.65,23.46
2019-03-12,23.58,23.84,23.54,23.70
2019-03-13,23.94,24.43,23.90,24.17
2019-03-14,24.16,24.28,23.98,24.12
2019-03-15,24.25,24.68,24.21,24.47
2019-03-18,24.51,24.80,24.45,24.74
2019-03-19,25.02,25.24,24.47,24.76
2019-03-20,24.59,24.96,24.14,24.45
2019-03-21,24.20,25.38,24.20,25.26
2019-03-22,24.87,25.01,23.79,23.82
2019-03-25,23.71,24.04,23.40,23.76
2019-03-26,24.25,24.55,23.88,24.26
2019-03-27,24.27,24.44,23.45,23.92
2019-03-28,24.06,24.28,23.73,24.17
2019-03-29,24.59,24.69,24.26,24.64
2019-04-01,25.18,25.56,25.11,25.50
2019-04-02,25.53,25.57,25.27,25.50
2019-04-03,25.87,25.98,25.44,25.65
2019-04-04,25.71,25.88,25.50,25.81
2019-04-05,26.01,26.19,25.92,26.15
2019-04-08,26.04,26.26,25.85,26.25
2019-04-09,25.94,26.03,25.67,25.83
2019-04-10,25.95,26.11,25.83,26.09
2019-04-11,26.22,26.22,25.88,26.06
2019-04-12,26.54,26.66,26.33,26.59
2019-04-15,26.60,26.62,26.28,26.52
2019-04-16,26.77,26.80,26.38,26.59
2019-04-17,26.88,26.89,26.23,26.36
2019-04-18,26.53,26.58,26.13,26.50
2019-04-22,26.26,26.61,26.24,26.59
2019-04-23,26.68,27.34,26.60,27.27
2019-04-24,27.25,27.34,27.05,27.11
2019-04-25,27.05,27.22,26.66,27.02
2019-04-26,27.03,27.42,26.80,27.41
2019-04-29,27.41,27.68,27.40,27.51
2019-04-30,27.41,27.64,26.97,27.55
2019-05-01,27.76,27.81,26.93,26.93
2019-05-02,26.86,27.16,26.29,26.77
2019-05-03,27.19,27.60,27.12,27.52
2019-05-06,26.16,27.31,26.08,27.20
2019-05-07,26.43,26.61,25.22,25.84
2019-05-08,25.70,26.21,25.52,25.72
2019-05-09,25.05,25.62,24.55,25.46
2019-05-10,25.17,26.05,24.28,25.82
2019-05-13,24.28,24.58,23.63,23.91
2019-05-14,24.16,24.95,24.13,24.51
2019-05-15,24.05,25.13,23.98,24.93
2019-05-16,25.14,26.02,25.13,25.61
2019-05-17,24.94,25.86,24.94,25.13
2019-05-20,24.65,25.00,24.40,24.64
2019-05-21,25.10,25.39,25.03,25.28
2019-05-22,24.99,25.32,24.91,25.06
2019-05-23,24.40,24.40,23.69,24.16
2019-05-24,24.52,24.63,24.09,24.26
2019-05-28,24.34,24.62,23.59,23.61
2019-05-29,23.26,23.37,22.71,23.14
2019-05-30,23.30,23.53,22.98,23.30
2019-05-31,22.56,22.80,22.33,22.35
2019-06-03,22.33,22.64,21.79,22.17
2019-06-04,22.78,23.64,22.65,23.61
2019-06-05,24.06,24.22,23.54,24.20
2019-06-06,24.30,24.87,24.10,24.66
2019-06-07,24.97,25.72,24.92,25.41
2019-06-10,25.87,26.25,25.74,25.76
2019-06-11,26.30,26.40,25.55,25.74
2019-06-12,25.66,25.83,25.44,25.60
2019-06-13,25.86,26.00,25.65,25.93
2019-06-14,25.80,25.98,25.59,25.80
2019-06-17,25.87,26.06,25.78,25.85
2019-06-18,26.38,26.96,26.27,26.61
2019-06-19,26.68,26.98,26.38,26.83
2019-06-20,27.63,27.70,26.96,27.58
2019-06-21,27.49,27.88,27.39,27.47
2019-06-24,27.51,27.61,27.30,27.36
2019-06-25,27.31,27.32,26.45,26.52
2019-06-26,26.77,26.92,26.38,26.41
2019-06-27,26.63,26.83,26.53,26.70
2019-06-28,26.97,27.23,26.82,27.08
2019-07-01,28.08,28.16,27.44,27.78
2019-07-02,27.79,28.05,27.53,28.05
2019-07-03,28.22,28.67,28.18,28.67
2019-07-05,28.28,28.63,27.88,28.54
2019-07-08,28.16,28.25,27.93,28.12
2019-07-09,27.72,28.29,27.72,28.21
2019-07-10,28.54,28.90,28.37,28.61
2019-07-11,28.80,28.86,28.47,28.79
2019-07-12,28.95,29.19,28.84,29.19
2019-07-15,29.29,29.30,29.04,29.20
2019-07-16,29.17,29.22,28.81,28.91
2019-07-17,28.89,28.95,28.32,28.33
2019-07-18,28.15,28.72,28.00,28.62
2019-07-19,28.95,28.97,28.06,28.13
2019-07-22,28.25,28.49,28.08,28.34
2019-07-23,28.68,28.92,28.42,28.92
2019-07-24,28.68,29.32,28.66,29.32
2019-07-25,29.19,29.19,28.64,28.88
2019-07-26,29.12,29.53,29.07,29.47
2019-07-29,29.43,29.44,29.12,29.32
2019-07-30,28.85,29.21,28.73,29.11
2019-07-31,29.16,29.21,27.47,28.11
2019-08-01,28.16,29.08,27.13,27.40
2019-08-02,27.10,27.16,26.27,26.80
2019-08-05,25.50,25.53,23.76,24.42
2019-08-06,24.87,25.40,24.44,25.35
2019-08-07,24.45,25.61,23.83,25.41
2019-08-08,25.82,26.87,25.66,26.87
2019-08-09,26.59,26.76,25.77,26.32
2019-08-12,25.86,26.02,25.07,25.35
2019-08-13,25.26,26.95,25.15,26.52
2019-08-14,25.33,25.49,24.14,24.19
2019-08-15,24.43,24.61,23.79,24.37
2019-08-16,24.83,25.55,24.82,25.44
2019-08-19,26.33,26.55,26.12,26.35
2019-08-20,26.20,26.35,25.70,25.74
2019-08-21,26.37,26.47,26.14,26.36
2019-08-22,26.56,26.75,25.80,26.33
2019-08-23,25.94,26.43,23.92,24.28
2019-08-26,24.90,25.08,24.48,25.08
2019-08-27,25.50,25.60,24.57,24.80
2019-08-28,24.59,25.36,24.38,25.32
2019-08-29,26.06,26.42,25.76,26.27
2019-08-30,26.71,26.72,25.95,26.25
2019-09-03,25.72,25.99,25.38,25.78
2019-09-04,26.41,26.64,26.18,26.63
2019-09-05,27.38,27.93,27.34,27.66
2019-09-06,27.76,27.91,27.54,27.73
2019-09-09,28.02,28.04,27.46,27.75
2019-09-10,27.51,27.75,27.12,27.75
2019-09-11,27.82,28.34,27.64,28.34
2019-09-12,28.59,28.92,28.35,28.58
2019-09-13,28.74,28.85,28.42,28.52
2019-09-16,28.16,28.40,28.06,28.27
2019-09-17,28.18,28.50,28.15,28.49
2019-09-18,28.35,28.56,27.71,28.54
2019-09-19,28.63,28.95,28.40,28.49
2019-09-20,28.70,28.77,27.87,28.07
2019-09-23,27.88,28.29,27.80,28.09
2019-09-24,28.41,28.52,27.11,27.40
2019-09-25,27.42,28.02,26.97,27.88
2019-09-26,27.89,27.94,27.27,27.71
2019-09-27,27.94,27.96,26.77,27.24
2019-09-30,27.39,27.84,27.39,27.64
2019-10-01,27.89,28.09,26.56,26.65
2019-10-02,26.15,26.16,24.83,25.23
2019-10-03,25.14,25.83,24.36,25.83
2019-10-04,26.03,26.94,26.00,26.86
2019-10-07,26.63,27.11,26.43,26.52
2019-10-08,25.95,26.17,25.27,25.29
2019-10-09,25.86,26.26,25.68,25.97
2019-10-10,25.95,26.76,25.90,26.50
2019-10-11,27.33,27.98,27.29,27.30
2019-10-14,27.22,27.42,27.13,27.24
2019-10-15,27.55,28.26,27.51,28.05
2019-10-16,27.90,28.10,27.76,27.91
2019-10-17,28.25,28.40,27.92,28.13
2019-10-18,27.96,28.16,27.48,27.75
2019-10-21,28.15,28.37,28.03,28.35
2019-10-22,28.50,28.56,28.01,28.04
2019-10-23,27.96,28.29,27.89,28.28
2019-10-24,28.56,28.60,28.14,28.40
2019-10-25,28.22,28.91,28.22,28.77
2019-10-28,29.13,29.38,29.12,29.25
2019-10-29,29.13,29.48,29.09,29.20
2019-10-30,29.28,29.57,28.84,29.48
2019-10-31,29.44,29.44,28.75,29.21
2019-11-01,29.66,30.03,29.62,30.02
2019-11-04,30.53,30.57,30.26,30.38
2019-11-05,30.45,30.53,30.17,30.27
2019-11-06,30.28,30.37,29.98,30.31
2019-11-07,30.72,30.97,30.44,30.62
2019-11-08,30.47,30.81,30.25,30.81
2019-11-11,30.37,30.69,30.31,30.66
2019-11-12,30.75,31.12,30.57,30.81
2019-11-13,30.50,30.98,30.42,30.85
2019-11-14,30.74,31.00,30.54,30.98
2019-11-15,31.40,31.65,31.19,31.65
2019-11-18,31.56,31.78,31.41,31.71
2019-11-19,31.91,31.91,31.46,31.66
2019-11-20,31.48,31.63,30.79,31.32
2019-11-21,31.32,31.36,30.89,31.17
2019-11-22,31.40,31.43,31.02,31.35
2019-11-25,31.66,32.08,31.66,32.07
2019-11-26,32.10,32.35,31.98,32.27
2019-11-27,32.46,32.70,32.37,32.69
2019-11-29,32.51,32.59,32.26,32.35
2019-12-02,32.42,32.44,31.37,31.52
2019-12-03,30.60,30.89,30.14,30.87
2019-12-04,31.21,31.63,31.10,31.42
2019-12-05,31.66,31.66,31.16,31.61
2019-12-06,32.24,32.59,32.23,32.44
2019-12-09,32.32,32.55,32.12,32.15
2019-12-10,32.12,32.35,31.82,32.03
2019-12-11,32.19,32.39,32.05,32.30
2019-12-12,32.29,33.39,32.21,33.13
2019-12-13,33.04,33.60,32.77,33.18
2019-12-16,33.78,34.07,33.77,33.88
2019-12-17,33.99,34.10,33.86,33.88
2019-12-18,34.01,34.10,33.87,33.88
2019-12-19,33.92,34.31,33.92,34.28
2019-12-20,34.65,34.96,34.63,34.80
2019-12-23,35.01,35.02,34.83,34.90
2019-12-24,34.91,34.92,34.72,34.84
2019-12-26,34.95,35.36,34.95,35.35
2019-12-27,35.64,35.64,35.15,35.34
2019-12-30,35.37,35.40,34.57,34.75
2019-12-31,34.55,35.08,34.44,35.01
2020-01-02,35.53,35.96,35.19,35.95
2020-01-03,34.73,35.54,34.70,35.17
2020-01-06,34.49,35.56,34.47,35.53
2020-01-07,35.34,35.49,35.07,35.23
2020-01-08,35.31,36.22,35.21,35.77
2020-01-09,36.35,36.53,36.13,36.50
2020-01-10,36.72,36.76,36.02,36.19
2020-01-13,36.42,36.92,36.25,36.92
2020-01-14,36.77,37.14,36.55,36.74
2020-01-15,36.72,37.27,36.68,37.00
2020-01-16,37.49,37.90,37.40,37.90
2020-01-17,38.17,38.32,37.95,38.26
2020-01-21,37.88,38.32,37.86,38.04
2020-01-22,38.35,38.58,37.98,38.06
2020-01-23,37.78,38.21,37.35,38.14
2020-01-24,38.40,38.41,36.64,37.12
2020-01-27,35.18,35.87,35.03,35.34
2020-01-28,35.85,36.74,35.67,36.44
2020-01-29,36.94,37.00,36.27,36.34
2020-01-30,35.58,36.75,35.30,36.66
2020-01-31,36.44,36.50,34.35,34.69
2020-02-03,35.21,36.10,35.16,35.45
2020-02-04,36.75,37.37,36.62,37.06
2020-02-05,38.15,38.41,37.60,38.32
2020-02-06,38.71,38.78,38.31,38.71
2020-02-07,38.31,38.58,37.89,38.12
2020-02-10,37.75,38.95,37.74,38.95
2020-02-11,39.47,39.76,38.96,39.15
2020-02-12,39.69,39.97,39.54,39.89
2020-02-13,39.33,40.12,39.22,39.74
2020-02-14,39.89,39.97,39.44,39.93
2020-02-18,39.53,39.76,39.08,39.62
2020-02-19,39.99,40.44,39.87,40.18
2020-02-20,39.95,40.27,38.50,39.66
2020-02-21,39.15,39.25,38.12,38.44
2020-02-24,34.85,35.76,34.19,34.59
2020-02-25,35.09,35.28,31.13,31.46
2020-02-26,31.90,33.08,30.85,31.11
2020-02-27,29.27,30.50,26.87,26.88
2020-02-28,24.50,26.70,23.63,26.70
2020-03-02,27.00,29.97,26.04,29.93
2020-03-03,30.08,31.33,26.60,27.39
2020-03-04,28.98,30.90,28.22,30.83
2020-03-05,28.50,29.50,27.01,27.74
2020-03-06,25.17,26.70,24.36,26.35
2020-03-09,20.79,22.80,20.00,20.20
2020-03-10,22.50,23.39,20.02,23.39
2020-03-11,21.47,21.75,19.09,19.94
2020-03-12,15.80,18.22,14.15,14.16
2020-03-13,16.85,18.13,14.44,18.09
2020-03-16,12.50,15.27,11.63,11.77
2020-03-17,12.53,14.18,11.39,13.96
2020-03-18,11.13,12.57,9.85,11.82
2020-03-19,11.41,12.65,10.45,11.75
2020-03-20,12.18,12.44,10.10,10.15
2020-03-23,10.07,10.24,8.76,9.32
2020-03-24,10.81,12.00,10.75,11.92
2020-03-25,12.08,13.77,11.33,12.36
2020-03-26,12.76,14.77,12.70,14.51
2020-03-27,13.19,14.45,12.81,13.20
2020-03-30,13.57,14.60,13.24,14.49
2020-03-31,14.32,14.77,13.59,13.82
2020-04-01,12.27,12.82,11.62,11.97
2020-04-02,11.84,12.92,11.74,12.79
2020-04-03,12.65,13.02,11.80,12.24
2020-04-06,13.68,15.03,13.50,14.72
2020-04-07,16.27,16.41,14.70,14.72
2020-04-08,15.20,16.43,14.81,16.21
2020-04-09,16.85,17.48,16.46,16.95
2020-04-13,16.76,16.82,15.70,16.45
2020-04-14,17.45,18.10,17.24,17.95
2020-04-15,16.76,17.13,16.36,16.79
2020-04-16,17.04,17.20,16.42,17.04
2020-04-17,18.18,18.53,17.63,18.43
2020-04-20,17.63,18.34,17.39,17.43
2020-04-21,16.52,16.77,15.66,15.83
2020-04-22,16.76,17.22,16.52,16.90
2020-04-23,17.15,17.77,16.83,16.88
2020-04-24,17.19,17.72,16.78,17.59
2020-04-27,18.00,18.57,17.90,18.36
2020-04-28,19.12,19.18,18.03,18.10
2020-04-29,19.20,19.83,18.99,19.50
2020-04-30,19.21,19.32,18.59,18.95
2020-05-01,17.93,18.09,17.21,17.43
2020-05-04,17.07,17.67,16.77,17.61
2020-05-05,18.17,18.65,18.00,18.09
2020-05-06,18.43,18.52,17.68,17.73
2020-05-07,18.37,18.74,18.25,18.36
2020-05-08,18.99,19.34,18.77,19.26
2020-05-11,18.84,19.57,18.75,19.29
2020-05-12,19.52,19.61,18.10,18.10
2020-05-13,18.00,18.21,16.65,17.17
2020-05-14,16.65,17.79,16.19,17.79
2020-05-15,17.29,18.01,17.08,18.00
2020-05-18,19.30,19.98,19.22,19.67
2020-05-19,19.53,19.89,19.04,19.06
2020-05-20,19.81,20.20,19.75,20.02
2020-05-21,19.99,20.16,19.36,19.59
2020-05-22,19.54,19.74,19.27,19.69
2020-05-26,21.01,21.06,20.36,20.45
2020-05-27,21.07,21.35,19.99,21.34
2020-05-28,21.60,22.05,21.08,21.24
2020-05-29,21.13,21.64,20.45,21.49
2020-06-01,21.36,21.91,21.25,21.77
2020-06-02,21.99,22.32,21.68,22.32
2020-06-03,22.79,23.43,22.72,23.22
2020-06-04,22.95,23.38,22.51,23.00
2020-06-05,24.33,25.23,24.31,24.77
2020-06-08,25.01,25.73,24.86,25.70
2020-06-09,25.00,25.49,24.78,25.14
2020-06-10,25.28,25.49,24.51,24.70
2020-06-11,22.88,23.08,20.24,20.39
2020-06-12,21.97,22.12,19.98,21.13
2020-06-15,19.82,21.98,19.56,21.73
2020-06-16,23.53,23.54,21.85,22.97
2020-06-17,23.23,23.29,22.52,22.67
2020-06-18,22.34,22.83,22.21,22.70
2020-06-19,23.53,23.58,22.01,22.30
2020-06-22,22.17,22.84,21.92,22.78
2020-06-23,23.38,23.61,22.97,23.07
2020-06-24,22.57,22.72,20.87,21.32
2020-06-25,21.17,22.04,20.71,21.97
2020-06-26,21.73,21.77,20.29,20.40
2020-06-29,20.68,21.31,20.18,21.31
2020-06-30,21.23,22.52,21.18,22.18
2020-07-01,22.39,22.88,22.27,22.59
2020-07-02,23.41,23.72,22.80,22.95
2020-07-06,23.89,24.12,23.69,24.02
2020-07-07,23.63,24.13,23.18,23.26
2020-07-08,23.46,23.83,23.04,23.80
2020-07-09,23.96,24.01,22.57,23.40
2020-07-10,23.36,24.18,23.04,24.12
2020-07-13,24.70,25.28,23.33,23.49
2020-07-14,23.13,24.48,22.85,24.39
2020-07-15,25.19,25.34,24.48,25.07
2020-07-16,24.60,24.93,24.42,24.82
2020-07-17,25.07,25.23,24.58,25.03
2020-07-20,24.98,25.82,24.78,25.63
2020-07-21,26.14,26.26,25.55,25.79
2020-07-22,25.72,26.31,25.69,26.24
2020-07-23,26.14,26.33,24.95,25.29
2020-07-24,24.82,25.08,24.43,24.82
2020-07-27,24.98,25.40,24.79,25.34
2020-07-28,25.16,25.46,24.79,24.87
2020-07-29,25.10,25.93,25.08,25.78
2020-07-30,25.01,25.61,24.48,25.50
2020-07-31,25.97,26.13,24.89,26.11
2020-08-03,26.55,26.85,26.40,26.64
2020-08-04,26.43,26.96,26.43,26.94
2020-08-05,27.32,27.53,27.24,27.45
2020-08-06,27.30,28.04,27.22,28.01
2020-08-07,27.75,28.12,27.50,28.06
2020-08-10,28.20,28.37,27.66,28.31
2020-08-11,28.66,28.82,27.42,27.64
2020-08-12,28.27,28.98,28.27,28.76
2020-08-13,28.56,28.98,28.36,28.63
2020-08-14,28.51,28.77,28.31,28.61
2020-08-17,28.89,29.00,28.79,28.89
2020-08-18,29.00,29.19,28.56,29.06
2020-08-19,29.20,29.33,28.56,28.72
2020-08-20,28.23,29.10,28.20,28.98
2020-08-21,28.88,29.33,28.80,29.28
2020-08-24,29.97,30.19,29.70,30.18
2020-08-25,30.35,30.51,30.00,30.48
2020-08-26,30.66,31.48,30.51,31.41
2020-08-27,31.67,32.03,31.13,31.61
2020-08-28,31.93,32.27,31.57,32.23
2020-08-31,32.16,32.42,31.82,31.86
2020-09-01,32.12,32.80,31.85,32.77
2020-09-02,33.37,34.48,33.02,34.19
2020-09-03,33.67,33.81,29.85,30.64
2020-09-04,30.85,31.30,27.86,29.92
2020-09-08,28.35,28.70,27.35,27.46
2020-09-09,28.52,29.73,28.28,29.05
2020-09-10,29.58,29.77,27.29,27.54
2020-09-11,28.01,28.30,26.83,27.58
2020-09-14,28.44,29.15,28.30,28.68
2020-09-15,29.36,29.58,28.82,29.11
2020-09-16,29.47,29.85,28.69,28.77
2020-09-17,27.41,28.47,27.28,28.02
2020-09-18,28.23,28.25,26.37,27.04
2020-09-21,25.83,26.16,24.84,26.15
2020-09-22,26.51,27.07,25.87,26.92
2020-09-23,27.08,27.14,24.93,25.05
2020-09-24,24.71,26.02,24.39,25.26
2020-09-25,25.03,26.67,24.81,26.46
2020-09-28,27.55,27.97,27.30,27.80
2020-09-29,27.75,27.92,27.15,27.35
2020-09-30,27.53,28.80,27.47,27.96
2020-10-01,28.66,28.91,27.98,28.48
2020-10-02,27.14,28.20,27.01,27.69
2020-10-05,28.24,29.19,28.22,29.13
2020-10-06,29.19,29.76,27.77,27.91
2020-10-07,28.70,29.58,28.69,29.36
2020-10-08,29.90,30.15,29.65,30.12
2020-10-09,30.61,31.08,30.44,30.94
2020-10-12,31.72,32.86,31.55,32.42
2020-10-13,32.40,32.42,31.52,31.81
2020-10-14,31.97,32.29,30.99,31.23
2020-10-15,30.05,31.23,29.92,31.08
2020-10-16,31.47,31.96,30.98,31.02
2020-10-19,31.39,31.57,29.36,29.61
2020-10-20,29.98,30.87,29.78,29.94
2020-10-21,29.94,30.56,29.71,29.78
2020-10-22,29.85,30.44,29.25,30.30
2020-10-23,30.63,30.65,29.90,30.57
2020-10-26,29.62,29.85,27.90,28.90
2020-10-27,28.99,29.08,28.54,28.60
2020-10-28,27.05,27.23,25.53,25.66
2020-10-29,25.72,27.23,25.29,26.43
2020-10-30,26.01,26.35,24.66,25.59
2020-11-02,26.46,26.96,25.76,26.47
2020-11-03,27.30,28.39,27.17,27.85
2020-11-04,29.07,30.82,28.75,29.71
2020-11-05,31.21,31.97,31.11,31.45
2020-11-06,31.38,31.80,30.77,31.46
2020-11-09,35.19,35.28,32.48,32.64
2020-11-10,32.32,32.78,31.53,32.49
2020-11-11,33.12,33.44,32.75,33.19
2020-11-12,32.89,33.13,31.68,32.23
2020-11-13,32.79,33.78,32.64,33.57
2020-11-16,34.39,34.82,33.99,34.78
2020-11-17,34.07,34.64,33.61,34.28
2020-11-18,34.34,34.51,32.99,33.01
2020-11-19,32.82,33.54,32.43,33.44
2020-11-20,33.35,33.41,32.72,32.75
2020-11-23,33.27,33.69,32.62,33.35
2020-11-24,34.10,35.10,33.85,34.94
2020-11-25,34.91,34.92,34.44,34.78
2020-11-27,35.11,35.21,34.76,35.05
2020-11-30,34.81,34.90,33.77,34.59
2020-12-01,35.60,36.20,35.42,35.73
2020-12-02,35.36,35.99,35.19,35.93
2020-12-03,35.91,36.35,35.58,35.91
2020-12-04,36.10,36.84,36.08,36.83
2020-12-07,36.61,36.78,36.20,36.64
2020-12-08,36.20,37.12,36.20,36.94
2020-12-09,37.14,37.20,35.67,35.96
2020-12-10,35.50,36.23,35.22,35.89
2020-12-11,35.35,35.85,34.88,35.75
2020-12-14,36.46,36.80,35.21,35.28
2020-12-15,36.10,36.72,35.66,36.71
2020-12-16,36.80,37.19,36.52,36.89
2020-12-17,37.41,37.57,37.16,37.51
2020-12-18,37.60,37.64,36.41,37.07
2020-12-21,35.79,36.95,34.93,36.70
2020-12-22,36.76,36.80,36.12,36.46
2020-12-23,36.75,37.16,36.50,36.55
2020-12-24,36.71,36.98,36.52,36.98
2020-12-28,37.80,38.05,37.59,37.92
2020-12-29,38.42,38.48,37.52,37.69
2020-12-30,37.96,38.19,37.74,37.84
2020-12-31,37.81,38.67,37.63,38.43
2021-01-04,38.87,38.91,35.64,36.85
2021-01-05,36.64,37.96,36.64,37.59
2021-01-06,37.11,39.33,36.94,38.29
2021-01-07,39.07,40.23,39.01,39.98
2021-01-08,40.45,40.73,39.35,40.66
2021-01-11,39.57,40.44,39.54,39.85
2021-01-12,39.91,40.20,39.10,39.88
2021-01-13,39.85,40.52,39.58,40.17
2021-01-14,40.44,40.60,39.64,39.76
2021-01-15,39.20,39.47,38.26,38.88
2021-01-19,39.69,39.97,39.22,39.80
2021-01-20,40.57,41.72,40.44,41.43
2021-01-21,41.62,41.78,41.23,41.53
2021-01-22,40.91,41.49,40.77,41.11
2021-01-25,41.36,41.70,39.69,41.60
2021-01-26,41.90,42.05,41.32,41.41
2021-01-27,40.24,40.25,37.58,38.35
2021-01-28,38.94,40.65,38.81,39.32
2021-01-29,38.70,39.03,36.41,37.01
2021-02-01,38.06,39.15,37.38,38.77
2021-02-02,39.87,40.97,39.85,40.43
2021-02-03,40.73,41.13,40.12,40.56
2021-02-04,40.91,41.93,40.85,41.92
2021-02-05,42.60,42.67,42.03,42.40
2021-02-08,42.92,43.36,42.64,43.36
2021-02-09,43.05,43.46,42.90,43.24
2021-02-10,43.86,43.93,42.34,43.21
2021-02-11,43.59,43.73,42.54,43.39
2021-02-12,43.09,44.12,43.09,44.05
2021-02-16,44.48,44.54,43.66,43.92
2021-02-17,43.28,44.03,42.92,43.96
2021-02-18,43.00,43.64,42.39,43.40
2021-02-19,43.84,43.93,42.99,43.16
2021-02-22,42.15,43.00,42.06,42.18
2021-02-23,41.38,42.77,39.91,42.31
2021-02-24,41.90,43.84,41.58,43.71
2021-02-25,43.25,43.73,40.01,40.57
2021-02-26,41.17,41.56,39.22,39.87
2021-03-01,41.53,43.22,41.53,42.76
2021-03-02,42.89,42.97,41.71,41.79
2021-03-03,41.55,41.89,40.10,40.14
2021-03-04,40.07,40.94,37.10,38.62
2021-03-05,39.78,41.11,37.38,40.76
2021-03-08,41.09,42.04,40.05,40.16
2021-03-09,41.44,42.73,41.28,41.86
2021-03-10,42.71,43.24,42.19,42.63
2021-03-11,43.53,44.64,43.36,43.94
2021-03-12,43.46,44.17,43.16,44.12
2021-03-15,44.21,45.00,43.44,44.92
2021-03-16,45.12,45.38,44.45,44.76
2021-03-17,44.27,45.48,43.85,45.17
2021-03-18,44.24,45.00,43.00,43.20
2021-03-19,43.11,43.65,42.19,42.97
2021-03-22,43.13,44.48,43.12,43.96
2021-03-23,43.75,44.27,42.66,42.95
2021-03-24,43.44,44.01,42.28,42.28
2021-03-25,41.78,43.27,41.10,42.97
2021-03-26,43.40,45.20,43.18,45.08
2021-03-29,44.52,45.31,43.98,44.99
2021-03-30,44.55,44.87,44.05,44.62
2021-03-31,44.84,45.72,44.82,45.17
2021-04-01,45.86,46.64,45.78,46.58
2021-04-05,47.62,48.83,47.59,48.60
2021-04-06,48.42,48.93,48.30,48.52
2021-04-07,48.49,48.83,48.29,48.72
2021-04-08,49.18,49.41,48.83,49.38
2021-04-09,49.37,50.53,49.30,50.46
2021-04-12,50.21,50.62,49.99,50.50
2021-04-13,50.47,51.21,50.33,50.93
2021-04-14,50.95,51.37,50.22,50.44
2021-04-15,51.27,52.15,51.26,52.05
2021-04-16,52.58,52.82,52.01,52.61
2021-04-19,52.19,52.38,51.26,51.82
2021-04-20,51.29,51.60,50.08,50.69
2021-04-21,50.42,52.17,50.37,52.09
2021-04-22,52.03,52.35,50.24,50.68
2021-04-23,50.89,52.86,50.86,52.30
2021-04-26,52.57,52.86,52.39,52.64
2021-04-27,52.75,52.82,52.14,52.58
2021-04-28,52.70,53.15,52.37,52.51
2021-04-29,53.66,53.78,52.18,53.49
2021-04-30,52.62,52.97,52.13,52.48
2021-05-03,53.25,53.43,52.62,52.82
2021-05-04,52.01,52.20,50.35,51.84
2021-05-05,52.50,52.58,51.58,51.84
2021-05-06,51.91,53.15,51.10,53.09
2021-05-07,53.42,54.54,53.15,54.26
2021-05-10,54.43,54.50,52.60,52.65
2021-05-11,50.81,51.63,49.67,51.27
2021-05-12,50.12,50.63,47.75,48.01
2021-05-13,48.54,50.42,48.54,49.67
2021-05-14,50.76,52.31,50.75,51.97
2021-05-17,51.54,51.90,50.78,51.58
2021-05-18,51.70,51.77,50.19,50.28
2021-05-19,48.39,49.90,47.82,49.85
2021-05-20,50.19,51.93,50.14,51.44
2021-05-21,52.06,52.53,51.14,51.32
2021-05-24,52.24,53.31,52.11,52.89
2021-05-25,53.31,53.47,52.30,52.54
2021-05-26,52.77,53.04,52.36,52.85
2021-05-27,53.27,53.46,52.87,52.88
2021-05-28,53.55,53.66,53.11,53.19
2021-06-01,54.17,54.21,52.88,53.04
2021-06-02,53.31,53.64,52.92,53.31
2021-06-03,52.34,53.17,51.76,52.72
2021-06-04,53.45,54.26,53.43,54.11
2021-06-07,54.14,54.22,53.61,54.02
2021-06-08,54.35,54.38,53.28,54.04
2021-06-09,54.38,54.39,53.68,53.78
2021-06-10,54.30,54.90,53.75,54.53
2021-06-11,54.76,54.84,54.23,54.80
2021-06-14,54.82,55.19,54.33,55.18
2021-06-15,55.23,55.23,54.50,54.85
2021-06-16,54.93,54.99,53.06,53.95
2021-06-17,53.77,54.26,52.86,53.91
2021-06-18,52.55,52.80,51.62,51.74
2021-06-21,52.40,53.99,52.08,53.93
2021-06-22,53.92,55.12,53.61,54.73
2021-06-23,54.80,55.13,54.54,54.58
2021-06-24,55.44,55.73,55.35,55.54
2021-06-25,55.86,56.30,55.71,56.11
2021-06-28,56.33,56.52,55.83,56.48
2021-06-29,56.62,56.88,56.33,56.54
2021-06-30,56.38,56.96,56.35,56.70
2021-07-01,57.01,57.69,56.98,57.65
2021-07-02,58.10,59.09,57.98,58.96
2021-07-06,58.95,59.04,57.43,58.58
2021-07-07,58.93,59.35,58.05,59.23
2021-07-08,56.90,58.12,56.41,57.82
2021-07-09,58.44,59.74,58.35,59.62
2021-07-12,59.59,60.38,59.40,60.29
2021-07-13,59.96,60.58,59.53,59.68
2021-07-14,60.40,60.60,59.37,59.88
2021-07-15,59.30,59.62,58.47,59.28
2021-07-16,59.82,59.82,57.72,57.91
2021-07-19,55.82,56.02,54.12,55.36
2021-07-20,55.59,58.21,55.27,57.73
2021-07-21,58.22,59.15,58.13,59.10
2021-07-22,59.18,59.56,58.73,59.48
2021-07-23,60.28,61.43,59.99,61.28
2021-07-26,61.03,61.74,61.00,61.74
2021-07-27,61.27,61.28,59.63,60.91
2021-07-28,61.18,61.42,60.18,60.81
2021-07-29,61.25,62.04,61.21,61.56
2021-07-30,60.42,61.31,60.35,60.63
2021-08-02,61.40,61.66,60.15,60.25
2021-08-03,60.61,61.78,59.66,61.73
2021-08-04,61.15,61.43,60.73,60.85
2021-08-05,61.35,62.02,61.20,61.96
2021-08-06,62.10,62.46,61.98,62.31
2021-08-09,62.27,62.40,61.77,62.12
2021-08-10,62.30,62.66,61.99,62.31
2021-08-11,62.83,62.84,62.30,62.76
2021-08-12,62.70,63.41,62.32,63.32
2021-08-13,63.53,63.70,63.33,63.67
2021-08-16,63.12,64.19,62.39,64.14
2021-08-17,62.96,63.28,61.51,62.90
2021-08-18,62.42,63.12,60.71,60.84
2021-08-19,59.56,61.61,59.53,61.05
2021-08-20,61.25,62.69,61.03,62.58
2021-08-23,63.29,64.60,63.29,64.18
2021-08-24,64.52,64.73,64.26,64.50
2021-08-25,64.58,65.13,64.41,64.87
2021-08-26,64.75,64.86,63.69,63.76
2021-08-27,64.11,65.61,64.08,65.40
2021-08-30,65.77,66.67,65.65,66.27
2021-08-31,66.27,66.42,65.74,66.07
2021-09-01,66.44,66.69,66.01,66.18
2021-09-02,66.79,67.11,66.16,66.72
2021-09-03,66.26,66.91,65.99,66.65
2021-09-07,66.50,66.54,65.63,65.96
2021-09-08,65.68,66.03,64.80,65.72
2021-09-09,65.58,66.42,64.73,64.83
2021-09-10,65.75,65.93,63.26,63.33
2021-09-13,64.66,64.79,62.74,63.76
2021-09-14,64.42,64.52,62.34,62.77
2021-09-15,62.93,64.54,62.43,64.34
2021-09-16,64.07,64.51,62.65,63.98
2021-09-17,63.61,63.84,61.97,62.16
2021-09-20,59.37,60.08,56.83,59.06
2021-09-21,60.04,60.58,58.62,58.89
2021-09-22,59.85,61.46,59.42,60.56
2021-09-23,61.37,63.47,61.28,62.76
2021-09-24,62.02,63.38,61.92,63.08
2021-09-27,62.58,63.11,62.19,62.54
2021-09-28,61.23,61.39,58.40,58.76
2021-09-29,59.30,60.06,58.77,59.00
2021-09-30,59.63,59.94,56.76,56.86
2021-10-01,57.57,59.57,56.09,58.88
2021-10-04,58.36,58.73,55.65,56.58
2021-10-05,57.21,59.27,56.87,58.30
2021-10-06,56.78,59.14,56.08,59.06
2021-10-07,60.48,61.80,60.39,60.56
2021-10-08,60.94,61.08,59.97,60.21
2021-10-11,59.95,61.23,58.91,58.93
2021-10-12,59.34,59.50,58.16,58.52
2021-10-13,58.92,59.49,57.66,59.10
2021-10-14,60.72,62.16,60.51,62.08
2021-10-15,63.08,63.68,62.76,63.51
2021-10-18,62.68,64.22,62.39,64.11
2021-10-19,64.81,65.58,64.54,65.57
2021-10-20,65.76,66.47,65.71,66.30
2021-10-21,66.03,66.93,65.83,66.83
2021-10-22,66.63,67.31,65.70,66.61
2021-10-25,67.11,67.83,66.30,67.62
2021-10-26,68.41,68.99,67.70,67.88
2021-10-27,68.08,68.38,66.94,66.96
2021-10-28,67.64,68.92,67.63,68.86
2021-10-29,67.78,69.44,67.66,69.31
2021-11-01,69.79,69.97,68.84,69.68
2021-11-02,69.73,70.65,69.68,70.50
2021-11-03,70.22,72.00,70.02,71.82
2021-11-04,72.09,72.86,71.92,72.78
2021-11-05,73.93,74.57,72.83,73.57
2021-11-08,74.13,74.36,73.41,73.78
2021-11-09,73.95,74.05,72.30,73.02
2021-11-10,72.17,73.01,70.50,71.27
2021-11-11,71.96,72.00,71.31,71.35
2021-11-12,71.94,73.19,71.47,72.94
2021-11-15,73.58,73.64,72.43,72.97
2021-11-16,72.86,74.42,72.83,73.84
2021-11-17,73.72,73.81,72.99,73.28
2021-11-18,73.82,74.19,72.47,74.02
2021-11-19,73.97,74.61,73.47,73.66
2021-11-22,74.55,75.85,72.93,73.01
2021-11-23,72.83,73.72,71.55,73.35
2021-11-24,72.32,73.94,71.89,73.85
2021-11-26,70.52,71.25,68.37,69.04
2021-11-29,71.22,72.33,70.16,71.48
2021-11-30,70.25,71.17,67.16,67.43
2021-12-01,69.95,71.32,64.92,65.04
2021-12-02,65.11,68.72,64.94,67.97
2021-12-03,68.81,69.29,64.22,66.19
2021-12-06,67.40,69.44,66.28,68.55
2021-12-07,71.11,73.10,71.07,72.80
2021-12-08,73.04,73.63,72.15,73.44
2021-12-09,72.76,73.21,71.82,71.92
2021-12-10,73.24,74.01,71.97,74.00
2021-12-13,73.69,73.84,71.84,72.02
2021-12-14,70.32,71.57,69.03,70.51
2021-12-15,70.50,73.90,69.29,73.77
2021-12-16,74.70,74.82,71.02,71.80
2021-12-17,70.27,71.76,68.67,69.54
2021-12-20,67.05,67.48,65.54,67.31
2021-12-21,68.91,70.94,67.87,70.88
2021-12-22,70.72,73.03,70.64,72.99
2021-12-23,73.42,75.03,73.38,74.30
2021-12-27,74.99,77.47,74.96,77.43
2021-12-28,77.68,78.19,76.86,77.29
2021-12-29,77.31,78.07,76.79,77.57
2021-12-30,77.71,78.27,76.66,76.90
2021-12-31,76.61,77.22,76.16,76.28
2022-01-03,76.96,77.67,75.76,77.61
2022-01-04,78.36,78.72,76.58,77.55
2022-01-05,77.36,77.73,73.02,73.05
2022-01-06,72.86,74.19,71.67,72.85
2022-01-07,72.82,73.43,71.30,72.02
2022-01-10,70.38,71.81,67.57,71.69
2022-01-11,71.57,73.69,70.09,73.67
2022-01-12,74.52,75.27,73.27,74.32
2022-01-13,74.80,75.10,70.66,71.17
2022-01-14,69.58,71.40,69.03,71.23
2022-01-18,68.93,69.04,66.92,67.46
2022-01-19,68.15,68.81,65.21,65.37
2022-01-20,66.19,68.36,62.95,63.19
2022-01-21,62.68,63.70,59.43,59.47
2022-01-24,56.98,60.40,52.42,60.21
2022-01-25,57.40,60.14,55.00,57.97
2022-01-26,60.43,61.79,55.74,57.60
2022-01-27,59.49,60.80,55.97,56.71
2022-01-28,57.26,60.90,55.33,60.89
2022-01-31,60.57,64.33,60.00,64.16
2022-02-01,64.54,65.77,62.91,65.57
2022-02-02,66.55,67.71,65.52,67.38
2022-02-03,64.52,65.43,62.22,62.64
2022-02-04,62.53,65.19,61.45,63.51
2022-02-07,63.83,64.45,62.27,62.86
2022-02-08,62.61,64.83,62.01,64.37
2022-02-09,66.27,67.34,66.15,67.20
2022-02-10,64.51,67.31,62.68,63.64
2022-02-11,63.64,64.57,59.20,59.85
2022-02-14,59.59,60.29,57.74,59.26
2022-02-15,61.17,62.17,60.93,62.07
2022-02-16,61.21,62.92,60.35,62.31
2022-02-17,60.90,61.12,58.04,58.36
2022-02-18,58.45,58.95,56.21,57.19
2022-02-22,56.25,57.66,53.85,55.37
2022-02-23,56.49,56.74,52.14,52.29
2022-02-24,48.24,54.89,48.14,54.72
2022-02-25,55.21,58.38,54.58,58.29
2022-02-28,56.04,58.51,55.52,57.84
2022-03-01,57.32,58.11,54.11,55.28
2022-03-02,56.18,58.93,55.86,58.28
2022-03-03,59.29,59.56,56.67,57.43
2022-03-04,55.85,56.47,54.29,56.04
2022-03-07,55.76,55.86,51.02,51.06
2022-03-08,51.12,53.87,49.45,49.85
2022-03-09,53.11,54.63,52.24,53.90
2022-03-10,52.00,53.51,51.24,53.13
2022-03-11,54.13,54.37,50.92,51.14
2022-03-14,51.43,52.74,49.54,50.00
2022-03-15,50.98,53.53,50.48,53.30
2022-03-16,54.63,56.85,52.75,56.78
2022-03-17,55.99,58.98,55.88,58.91
2022-03-18,58.30,61.02,57.98,60.85
2022-03-21,60.82,61.69,59.32,60.85
2022-03-22,61.46,63.37,61.46,62.93
2022-03-23,61.81,62.46,60.48,60.50
2022-03-24,61.34,63.21,60.90,63.18
2022-03-25,63.52,64.28,62.37,64.13
2022-03-28,63.86,65.51,63.03,65.49
2022-03-29,67.26,68.16,66.07,67.97
2022-03-30,67.43,67.78,65.69,66.72
2022-03-31,66.37,66.69,63.55,63.63
2022-04-01,64.31,64.36,62.54,64.08
2022-04-04,64.19,65.79,63.84,65.77
2022-04-05,65.13,66.21,62.75,63.33
2022-04-06,61.55,62.39,60.08,61.40
2022-04-07,60.99,63.10,60.13,62.30
2022-04-08,61.96,63.06,61.11,61.86
2022-04-11,60.35,60.71,58.40,58.63
2022-04-12,59.86,60.93,57.31,57.95
2022-04-13,57.83,60.23,57.77,59.93
2022-04-14,60.05,60.51,57.65,57.73
2022-04-18,57.26,58.45,56.83,57.75
2022-04-19,57.70,60.85,57.64,60.52
2022-04-20,61.31,61.58,59.91,60.38
2022-04-21,61.96,62.62,57.31,57.69
2022-04-22,57.23,57.35,52.71,52.99
2022-04-25,52.04,53.90,50.24,53.84
2022-04-26,52.81,52.91,49.15,49.19
2022-04-27,49.59,51.59,48.78,49.55
2022-04-28,51.37,53.97,49.69,53.30
2022-04-29,51.73,52.60,47.13,47.46
2022-05-02,47.42,48.76,45.02,48.29
2022-05-03,48.44,49.81,47.87,48.94
2022-05-04,49.18,53.59,47.98,53.38
2022-05-05,51.71,51.74,46.08,47.74
2022-05-06,46.77,48.04,44.89,46.87
2022-05-09,44.69,45.13,41.78,42.37
2022-05-10,44.36,44.84,41.26,42.60
2022-05-11,42.25,44.19,40.33,40.58
2022-05-12,39.52,41.49,38.21,40.44
2022-05-13,41.79,43.78,41.44,43.33
2022-05-16,42.76,44.05,41.98,42.83
2022-05-17,44.90,45.51,43.59,45.39
2022-05-18,43.82,43.92,39.51,39.98
2022-05-19,38.91,40.60,38.47,39.16
2022-05-20,40.33,40.49,36.48,39.23
2022-05-23,40.20,41.67,39.45,41.45
2022-05-24,40.05,40.87,38.30,40.50
2022-05-25,39.97,42.19,39.87,41.59
2022-05-26,41.94,44.56,41.88,44.03
2022-05-27,44.86,47.30,44.81,47.28
2022-05-31,46.65,47.66,45.47,46.45
2022-06-01,47.21,47.56,44.42,45.35
2022-06-02,45.28,47.92,44.46,47.88
2022-06-03,46.17,46.74,45.19,45.55
2022-06-06,46.94,47.55,45.54,45.92
2022-06-07,44.70,47.42,44.54,47.24
2022-06-08,46.63,47.28,45.42,45.73
2022-06-09,45.08,45.86,42.43,42.44
2022-06-10,40.34,40.62,38.69,38.73
2022-06-13,35.76,36.32,33.79,34.30
2022-06-14,34.80,35.08,33.07,33.96
2022-06-15,34.90,36.70,33.49,35.39
2022-06-16,32.97,33.08,31.16,32.00
2022-06-17,32.00,33.00,31.12,32.07
2022-06-21,33.66,34.88,33.64,34.50
2022-06-22,33.26,35.50,33.15,34.29
2022-06-23,34.90,35.51,33.88,35.29
2022-06-24,36.24,38.65,36.22,38.64
2022-06-27,38.96,39.03,37.87,38.26
2022-06-28,38.67,39.55,35.82,35.91
2022-06-29,36.01,36.33,35.23,35.78
2022-06-30,34.62,35.84,33.56,34.87
2022-07-01,34.69,36.10,33.93,35.95
2022-07-05,34.46,36.19,33.61,36.16
2022-07-06,36.21,37.28,35.50,36.54
2022-07-07,37.07,38.40,37.06,38.15
2022-07-08,37.63,38.65,37.18,38.08
2022-07-11,37.24,37.53,36.54,36.76
2022-07-12,36.59,37.29,35.25,35.78
2022-07-13,34.16,36.07,34.03,35.21
2022-07-14,33.72,35.10,33.00,34.93
2022-07-15,36.21,36.95,35.66,36.94
2022-07-18,37.84,38.06,35.63,36.01
2022-07-19,37.17,39.07,36.97,38.89
2022-07-20,38.94,40.09,38.54,39.62
2022-07-21,39.43,40.85,38.68,40.83
2022-07-22,40.87,41.25,38.98,39.74
2022-07-25,39.89,40.10,39.13,39.84
2022-07-26,39.32,39.37,38.13,38.40
2022-07-27,39.42,41.93,39.34,41.39
2022-07-28,41.65,43.16,40.49,42.94
2022-07-29,43.45,45.15,43.17,44.85
2022-08-01,43.88,45.27,43.65,44.40
2022-08-02,43.86,45.12,43.12,43.54
2022-08-03,44.24,45.95,44.14,45.52
2022-08-04,45.51,45.74,44.86,45.44
2022-08-05,43.95,45.42,43.93,45.18
2022-08-08,45.77,46.55,44.66,45.05
2022-08-09,44.80,44.93,44.11,44.47
2022-08-10,46.89,47.33,46.24,47.25
2022-08-11,48.25,48.92,47.00,47.26
2022-08-12,47.94,49.67,47.60,49.63
2022-08-15,48.80,50.43,48.80,50.24
2022-08-16,49.85,51.25,49.54,50.53
2022-08-17,49.19,50.45,48.70,49.44
2022-08-18,49.48,50.10,49.01,49.84
2022-08-19,48.83,48.92,47.50,47.85
2022-08-22,46.07,46.13,44.49,44.83
2022-08-23,44.64,45.49,44.30,44.49
2022-08-24,44.39,45.37,44.17,44.87
2022-08-25,45.38,46.80,45.03,46.78
2022-08-26,46.74,46.92,42.00,42.00
2022-08-29,41.02,42.17,40.73,41.18
2022-08-30,41.54,41.61,39.13,39.80
2022-08-31,40.31,40.70,38.84,38.87
2022-09-01,38.16,39.32,37.33,39.21
2022-09-02,40.38,40.75,37.39,37.98
2022-09-06,38.22,38.50,36.85,37.53
2022-09-07,37.43,39.77,37.38,39.54
2022-09-08,38.77,40.43,38.43,40.29
2022-09-09,41.03,42.44,40.92,42.16
2022-09-12,42.85,43.76,42.75,43.51
2022-09-13,40.58,41.00,37.47,37.86
2022-09-14,38.23,38.71,37.25,38.24
2022-09-15,37.72,38.62,36.53,36.95
2022-09-16,35.65,36.27,35.09,36.10
2022-09-19,35.14,36.90,35.12,36.89
2022-09-20,35.91,36.19,34.80,35.66
2022-09-21,36.19,37.07,33.76,33.76
2022-09-22,33.50,33.80,32.67,32.89
2022-09-23,31.90,31.93,30.00,31.20
2022-09-26,30.83,31.78,29.95,30.28
2022-09-27,31.22,31.79,29.42,30.06
2022-09-28,30.30,32.25,29.84,31.78
2022-09-29,30.83,30.91,29.00,29.78
2022-09-30,29.57,30.55,28.39,28.41
2022-10-03,29.33,31.11,28.88,30.65
2022-10-04,32.08,33.48,32.07,33.47
2022-10-05,32.26,33.87,31.60,33.21
2022-10-06,32.80,33.64,32.03,32.18
2022-10-07,31.07,31.16,29.00,29.49
2022-10-10,29.75,29.82,28.22,28.84
2022-10-11,28.38,29.51,27.75,28.23
2022-10-12,28.33,28.73,27.90,27.97
2022-10-13,26.20,30.50,25.94,30.14
2022-10-14,30.79,31.19,27.92,28.08
2022-10-17,29.59,30.50,29.56,30.21
2022-10-18,32.30,32.35,30.40,31.11
2022-10-19,30.72,31.46,29.86,30.63
2022-10-20,30.47,31.61,29.61,29.82
2022-10-21,29.72,32.10,29.35,31.97
2022-10-24,32.40,33.45,31.67,33.13
2022-10-25,33.12,34.81,33.09,34.73
2022-10-26,33.83,35.44,33.76,33.96
2022-10-27,34.22,34.70,33.19,33.37
2022-10-28,33.32,35.88,33.28,35.71
2022-10-31,35.00,35.55,34.68,34.96
2022-11-01,36.00,36.08,34.14,34.50
2022-11-02,34.32,35.59,31.85,31.88
2022-11-03,30.97,31.67,30.29,30.84
2022-11-04,32.33,32.82,30.60,32.18
2022-11-07,32.52,33.25,31.97,33.11
2022-11-08,33.39,34.44,32.50,33.61
2022-11-09,33.00,33.35,31.38,31.51
2022-11-10,34.98,36.80,34.41,36.69
2022-11-11,36.97,38.00,36.41,37.78
2022-11-14,37.24,38.23,36.72,36.82
2022-11-15,38.47,38.80,36.61,37.75
2022-11-16,37.23,37.50,36.66,36.87
2022-11-17,35.41,36.66,35.32,36.47
2022-11-18,37.45,37.45,36.13,36.96
2022-11-21,36.56,36.89,36.00,36.54
2022-11-22,37.09,38.05,36.68,38.01
2022-11-23,37.86,38.84,37.81,38.68
2022-11-25,38.52,38.83,38.43,38.64
2022-11-28,37.70,38.21,36.57,36.82
2022-11-29,36.83,37.16,36.05,36.58
2022-11-30,36.66,40.00,36.09,39.99
2022-12-01,40.37,40.71,39.15,39.93
2022-12-02,38.39,40.05,38.37,39.76
2022-12-05,38.90,39.20,37.21,37.59
2022-12-06,37.54,37.70,35.34,35.98
2022-12-07,35.69,36.46,35.45,35.78
2022-12-08,36.27,36.89,35.83,36.60
2022-12-09,36.23,36.97,35.73,35.76
2022-12-12,35.99,37.30,35.79,37.30
2022-12-13,40.46,40.49,37.33,38.11
2022-12-14,38.02,39.17,36.51,37.41
2022-12-15,35.94,36.19,34.12,34.63
2022-12-16,33.90,34.26,32.77,33.37
2022-12-19,33.40,33.50,32.07,32.52
2022-12-20,32.30,33.07,31.96,32.62
2022-12-21,33.34,34.40,33.18,34.09
2022-12-22,33.07,33.15,30.89,32.49
2022-12-23,32.18,33.04,31.77,32.98
2022-12-27,32.98,33.06,32.15,32.61
2022-12-28,32.59,33.10,31.33,31.39
2022-12-29,32.08,33.25,31.94,32.99
2022-12-30,32.30,32.79,31.73,32.77
2023-01-03,33.27,33.77,31.56,32.34
2023-01-04,32.91,33.61,32.12,33.05
2023-01-05,32.52,32.54,31.75,31.91
2023-01-06,32.71,34.38,31.91,34.07
2023-01-09,34.67,35.55,33.96,34.03
2023-01-10,33.85,34.74,33.59,34.72
2023-01-11,35.18,36.05,34.93,36.01
2023-01-12,36.30,36.78,35.14,36.38
2023-01-13,35.46,36.95,35.38,36.79
2023-01-17,36.81,37.26,36.38,36.59
2023-01-18,36.92,37.21,34.78,34.86
2023-01-19,34.24,34.69,33.67,34.05
2023-01-20,34.41,35.97,33.97,35.90
2023-01-23,36.15,37.76,35.88,37.21
2023-01-24,36.74,37.35,36.37,37.08
2023-01-25,35.88,37.20,35.23,37.12
2023-01-26,37.85,38.34,36.99,38.27
2023-01-27,37.99,39.26,37.92,38.55
2023-01-30,37.72,38.38,37.01,37.11
2023-01-31,37.22,38.71,37.13,38.71
2023-02-01,38.34,40.75,37.52,39.91
2023-02-02,41.10,42.09,40.50,41.63
2023-02-03,40.08,41.69,39.92,40.30
2023-02-06,39.55,39.98,39.04,39.59
2023-02-07,39.26,41.46,38.88,41.10
2023-02-08,40.49,40.89,39.52,39.75
2023-02-09,40.80,40.82,38.29,38.68
2023-02-10,38.29,39.03,38.06,38.89
2023-02-13,39.12,40.30,38.96,40.25
2023-02-14,39.81,40.91,38.98,40.19
2023-02-15,39.52,40.61,39.27,40.56
2023-02-16,39.01,40.21,38.82,38.86
2023-02-17,38.20,38.61,37.63,38.54
2023-02-21,37.35,37.63,36.12,36.23
2023-02-22,36.33,36.75,35.63,36.07
2023-02-23,36.85,37.00,35.39,36.57
2023-02-24,35.12,35.63,34.65,35.39
2023-02-27,36.34,36.70,35.49,35.73
2023-02-28,35.61,36.15,35.31,35.33
2023-03-01,35.10,35.44,34.55,34.92
2023-03-02,34.32,35.93,34.25,35.68
2023-03-03,36.21,37.48,36.02,37.37
2023-03-06,37.65,38.31,37.35,37.48
2023-03-07,37.44,37.53,35.56,35.75
2023-03-08,35.77,36.11,35.27,35.91
2023-03-09,36.08,36.56,33.60,33.89
2023-03-10,33.71,34.28,31.98,32.42
2023-03-13,31.37,33.52,31.08,32.20
2023-03-14,33.54,34.27,32.65,33.84
2023-03-15,32.28,33.24,31.75,33.20
2023-03-16,32.54,34.97,32.39,34.89
2023-03-17,34.53,34.84,33.29,33.71
2023-03-20,33.85,34.74,33.68,34.63
2023-03-21,35.54,36.12,35.11,35.96
2023-03-22,35.86,36.85,34.04,34.08
2023-03-23,34.81,35.90,33.57,34.30
2023-03-24,33.96,35.00,33.30,34.97
2023-03-27,35.60,35.79,34.91,35.14
2023-03-28,34.96,35.14,34.40,34.91
2023-03-29,36.03,36.48,35.71,36.40
2023-03-30,37.15,37.19,36.48,37.02
2023-03-31,37.28,38.65,37.25,38.57
2023-04-03,38.41,39.11,38.28,38.97
2023-04-04,39.19,39.25,37.93,38.34
2023-04-05,38.06,38.27,37.49,37.99
2023-04-06,37.74,38.49,37.43,38.41
2023-04-10,37.66,38.54,37.48,38.52
2023-04-11,38.67,38.94,38.32,38.52
2023-04-12,39.14,39.21,37.88,38.08
2023-04-13,38.35,39.63,38.20,39.51
2023-04-14,39.32,39.99,38.54,39.24
2023-04-17,39.21,39.65,38.82,39.63
2023-04-18,40.10,40.13,39.28,39.71
2023-04-19,39.13,39.93,39.11,39.67
2023-04-20,38.78,39.50,38.52,38.97
2023-04-21,39.05,39.19,38.48,39.06
2023-04-24,39.00,39.29,38.59,39.18
2023-04-25,38.59,38.73,37.28,37.29
2023-04-26,37.48,37.76,36.64,36.81
2023-04-27,37.49,39.04,37.42,38.94
2023-04-28,38.71,39.96,38.68,39.96
2023-05-01,39.81,40.42,39.74,39.82
2023-05-02,39.60,39.60,37.59,38.48
2023-05-03,38.59,39.29,37.58,37.66
2023-05-04,37.29,37.39,36.42,36.83
2023-05-05,37.85,39.14,37.77,38.82
2023-05-08,38.91,38.99,38.46,38.87
2023-05-09,38.38,38.67,38.26,38.34
2023-05-10,39.17,39.34,37.75,38.86
2023-05-11,38.58,38.70,38.01,38.63
2023-05-12,38.98,39.03,37.74,38.48
2023-05-15,38.64,38.96,38.07,38.83
2023-05-16,38.51,38.77,38.05,38.05
2023-05-17,38.62,39.60,38.14,39.40
2023-05-18,39.31,40.65,39.23,40.54
2023-05-19,40.78,40.94,39.97,40.34
2023-05-22,40.34,40.83,39.96,40.34
2023-05-23,39.88,40.16,38.88,39.01
2023-05-24,38.51,38.61,37.79,38.14
2023-05-25,39.09,39.49,38.45,39.04
2023-05-26,39.24,40.79,39.24,40.58
2023-05-30,41.14,41.31,40.19,40.60
2023-05-31,40.04,40.33,39.45,39.90
2023-06-01,39.95,41.33,39.57,41.01
2023-06-02,41.80,43.03,41.63,42.79
2023-06-05,42.89,43.27,42.30,42.50
2023-06-06,42.39,42.96,42.18,42.78
2023-06-07,42.92,43.26,42.20,42.34
2023-06-08,42.32,43.19,42.08,43.07
2023-06-09,43.31,43.90,42.97,43.26
2023-06-12,43.57,44.46,43.34,44.43
2023-06-13,44.92,45.52,44.69,45.32
2023-06-14,45.41,46.04,44.34,45.44
2023-06-15,45.16,47.49,45.10,47.08
2023-06-16,47.75,47.78,46.45,46.62
2023-06-20,45.93,46.23,45.17,45.89
2023-06-21,45.38,45.63,44.80,45.00
2023-06-22,44.66,45.46,44.52,45.43
2023-06-23,44.30,44.97,44.16,44.41
2023-06-26,44.21,44.80,43.75,43.84
2023-06-27,44.11,45.45,43.95,45.23
2023-06-28,44.87,45.63,44.69,45.30
2023-06-29,45.15,45.85,45.00,45.79
2023-06-30,46.80,47.70,46.71,47.38
2023-07-03,47.27,47.62,47.16,47.59
2023-07-05,46.91,47.54,46.90,47.31
2023-07-06,46.05,46.28,45.30,46.17
2023-07-07,45.79,47.06,45.70,45.77
2023-07-10,45.63,46.17,45.46,46.11
2023-07-11,46.34,47.13,46.03,47.00
2023-07-12,48.23,48.56,47.74,48.07
2023-07-13,48.67,49.46,48.52,49.18
2023-07-14,49.48,49.77,48.82,49.06
2023-07-17,48.98,49.93,48.98,49.56
2023-07-18,49.44,50.89,49.30,50.67
2023-07-19,50.92,51.39,50.70,50.96
2023-07-20,50.57,50.90,49.68,49.93
2023-07-21,50.51,50.56,49.89,49.91
2023-07-24,50.28,50.82,50.08,50.56
2023-07-25,50.41,51.37,50.41,50.95
2023-07-26,50.61,51.44,50.23,50.93
2023-07-27,52.07,52.22,49.58,49.90
2023-07-28,50.97,51.62,50.73,51.33
2023-07-31,51.50,51.74,51.03,51.62
2023-08-01,51.08,51.40,50.82,51.13
2023-08-02,50.03,50.13,48.73,49.01
2023-08-03,48.25,49.15,48.04,48.53
2023-08-04,49.10,49.82,47.67,47.85
2023-08-07,48.43,49.13,48.20,49.06
2023-08-08,48.18,48.57,47.29,48.40
2023-08-09,48.51,48.54,47.18,47.43
2023-08-10,48.17,49.28,47.05,47.42
2023-08-11,46.79,47.66,46.59,47.33
2023-08-14,47.02,48.09,46.91,48.06
2023-08-15,47.46,47.60,46.21,46.44
2023-08-16,46.25,46.79,45.33,45.34
2023-08-17,45.76,45.87,44.11,44.28
2023-08-18,43.36,44.64,43.26,44.30
2023-08-21,44.60,45.40,43.94,45.18
2023-08-22,45.72,45.73,44.61,44.79
2023-08-23,45.11,46.46,45.07,46.22
2023-08-24,46.75,46.90,44.28,44.31
2023-08-25,44.81,45.62,43.70,45.22
2023-08-28,45.89,46.25,45.48,46.05
2023-08-29,46.01,48.12,45.96,48.02
2023-08-30,48.17,48.83,47.88,48.63
2023-08-31,48.78,49.15,48.28,48.33
2023-09-01,49.26,49.39,48.12,48.57
2023-09-05,48.46,48.53,47.92,47.96
2023-09-06,47.64,47.68,46.18,46.96
2023-09-07,45.92,46.68,45.82,46.48
2023-09-08,46.49,47.17,46.36,46.64
2023-09-11,47.50,47.67,46.95,47.57
2023-09-12,47.06,47.58,46.58,46.75
2023-09-13,46.81,47.28,46.46,46.93
2023-09-14,47.70,48.30,47.25,48.08
2023-09-15,47.55,47.64,46.19,46.32
2023-09-18,46.19,46.81,46.06,46.39
2023-09-19,46.07,46.27,45.21,46.10
2023-09-20,46.42,46.55,44.67,44.73
2023-09-21,43.79,43.88,42.43,42.50
2023-09-22,42.77,43.26,42.06,42.15
2023-09-25,41.79,42.70,41.66,42.70
2023-09-26,41.74,41.95,40.54,40.77
2023-09-27,41.15,41.29,39.74,40.84
2023-09-28,40.61,41.99,40.45,41.50
2023-09-29,42.40,42.44,40.72,41.17
2023-10-02,40.91,41.48,40.30,41.13
2023-10-03,40.43,40.90,39.03,39.45
2023-10-04,39.56,40.50,39.14,40.29
2023-10-05,40.16,40.43,39.24,40.19
2023-10-06,39.47,42.06,39.07,41.60
2023-10-09,41.04,42.58,40.88,42.37
2023-10-10,42.60,43.83,42.45,43.02
2023-10-11,43.37,43.64,42.63,43.57
2023-10-12,43.72,43.82,42.00,42.74
2023-10-13,43.15,43.53,41.58,42.09
2023-10-16,42.72,43.70,42.66,43.39
2023-10-17,42.38,43.99,42.30,43.35
2023-10-18,42.80,43.08,41.27,41.63
2023-10-19,41.76,42.31,40.26,40.49
2023-10-20,40.29,40.47,38.93,38.94
2023-10-23,38.47,39.84,38.01,38.75
2023-10-24,39.32,39.92,38.79,39.61
2023-10-25,39.10,39.11,37.73,37.89
2023-10-26,37.53,37.77,36.22,36.49
2023-10-27,36.90,37.00,35.57,35.97
2023-10-30,36.70,37.53,36.35,37.25
2023-10-31,37.38,38.01,36.87,37.92
2023-11-01,38.17,39.35,38.03,39.13
2023-11-02,40.20,41.38,40.18,41.33
2023-11-03,42.03,42.92,41.98,42.44
2023-11-06,42.67,42.88,42.15,42.71
2023-11-07,42.71,43.28,42.37,43.07
2023-11-08,43.25,43.42,42.47,43.17
2023-11-09,43.46,43.49,41.99,42.10
2023-11-10,42.72,44.16,42.27,44.06
2023-11-13,43.65,44.26,43.40,43.92
2023-11-14,45.77,46.87,45.68,46.45
2023-11-15,46.88,47.28,46.48,46.75
2023-11-16,46.55,46.97,46.22,46.87
2023-11-17,46.89,47.23,46.56,47.05
2023-11-20,46.96,48.38,46.94,48.09
2023-11-21,47.71,47.87,47.34,47.73
2023-11-22,48.25,48.69,47.91,48.28
2023-11-24,48.24,48.39,48.15,48.32
2023-11-27,48.09,48.38,47.93,48.07
2023-11-28,47.91,48.60,47.73,48.18
2023-11-29,48.88,49.24,47.93,48.04
2023-11-30,48.29,48.69,47.61,48.58
2023-12-01,48.37,49.60,48.18,49.40
2023-12-04,48.28,48.72,47.88,48.65
2023-12-05,48.13,48.90,48.04,48.59
2023-12-06,49.27,49.30,47.84,47.98
2023-12-07,48.62,49.23,48.42,49.02
2023-12-08,48.76,49.82,48.69,49.65
2023-12-11,49.46,50.27,49.39,50.22
2023-12-12,50.08,50.91,49.73,50.89
2023-12-13,51.00,53.06,50.86,52.95
2023-12-14,53.61,54.01,52.50,53.42
2023-12-15,53.19,53.58,52.85,53.18
2023-12-18,53.68,54.36,53.64,54.03
2023-12-19,54.21,55.01,54.19,54.97
2023-12-20,54.54,55.22,52.43,52.49
2023-12-21,53.54,54.09,52.69,53.99
2023-12-22,54.37,54.90,53.64,54.29
2023-12-26,54.42,55.28,54.40,54.93
2023-12-27,54.88,55.29,54.69,55.23
2023-12-28,55.29,55.52,55.10,55.22
2023-12-29,55.13,55.32,54.05,54.74
2024-01-02,53.63,54.13,53.04,53.75
2024-01-03,53.01,53.27,52.25,52.45
2024-01-04,52.23,53.12,51.81,51.90
2024-01-05,51.92,52.91,51.59,52.10
2024-01-08,52.23,54.34,52.20,54.27
2024-01-09,53.36,54.39,53.17,54.00
2024-01-10,54.10,55.22,54.01,54.93
2024-01-11,55.20,55.39,53.36,54.79
2024-01-12,55.26,55.54,54.37,54.87
2024-01-16,54.36,54.83,53.61,54.26
2024-01-17,53.17,53.49,52.50,53.30
2024-01-18,53.83,54.87,53.32,54.68
2024-01-19,55.06,56.81,54.83,56.73
2024-01-22,57.27,57.68,56.82,57.05
2024-01-23,57.25,57.62,56.84,57.52
2024-01-24,58.54,58.90,57.57,57.68
2024-01-25,58.43,58.67,57.65,58.60
2024-01-26,58.40,58.95,58.03,58.36
2024-01-29,58.42,59.75,58.23,59.72
2024-01-30,59.42,59.80,59.24,59.53
2024-01-31,58.70,58.86,56.59,56.63
2024-02-01,57.14,58.78,56.87,58.77
2024-02-02,58.92,61.21,58.79,60.59
2024-02-05,60.34,60.51,59.07,59.91
2024-02-06,60.26,60.54,59.71,60.40
2024-02-07,61.24,62.06,60.91,61.88
2024-02-08,61.86,62.07,61.54,61.95
2024-02-09,62.11,63.14,61.98,62.97
2024-02-12,62.96,63.81,62.60,62.85
2024-02-13,60.40,60.91,58.99,60.28
2024-02-14,61.24,62.05,60.35,61.87
2024-02-15,62.06,63.13,61.85,63.04
2024-02-16,62.94,63.36,61.81,62.07
2024-02-20,61.42,61.66,60.18,61.03
2024-02-21,60.51,61.24,59.83,61.17
2024-02-22,63.61,65.28,63.27,64.94
2024-02-23,65.56,65.91,64.75,65.02
2024-02-26,65.17,65.35,64.25,64.30
2024-02-27,64.55,64.71,63.80,64.62
2024-02-28,63.99,64.58,63.86,64.31
2024-02-29,64.98,65.59,63.93,64.94
2024-03-01,65.29,66.95,65.14,66.77
2024-03-04,66.42,67.28,66.42,66.51
2024-03-05,65.71,65.89,63.63,64.49
2024-03-06,65.79,66.36,64.97,65.49
2024-03-07,66.69,67.78,66.34,67.39
2024-03-08,67.62,68.69,65.89,66.14
2024-03-11,65.60,66.14,64.84,65.92
2024-03-12,66.74,68.25,65.73,68.03
2024-03-13,68.12,68.20,67.10,67.67
2024-03-14,68.02,68.06,65.97,67.20
2024-03-15,65.97,66.53,65.22,65.74
2024-03-18,67.36,67.95,66.74,66.92
2024-03-19,66.67,68.14,66.25,68.04
2024-03-20,67.94,69.83,67.64,69.75
2024-03-21,70.88,71.16,70.29,70.34
2024-03-22,70.33,70.54,69.88,70.01
2024-03-25,69.38,69.83,69.30,69.42
2024-03-26,69.94,70.07,68.77,68.84
2024-03-27,70.03,70.61,69.13,70.59
2024-03-28,70.59,71.15,70.43,70.55
2024-04-01,70.81,71.03,69.65,70.19
2024-04-02,68.53,68.82,67.82,68.77
2024-04-03,68.31,69.58,68.28,68.97
2024-04-04,70.54,70.68,66.25,66.34
2024-04-05,66.90,69.21,66.72,68.40
2024-04-08,68.70,69.10,68.19,68.46
2024-04-09,69.20,69.29,66.77,68.70
2024-04-10,66.38,67.45,65.84,66.68
2024-04-11,67.17,68.66,65.79,68.10
2024-04-12,66.62,67.19,64.54,65.20
2024-04-15,66.85,66.92,62.43,62.77
2024-04-16,62.92,63.50,61.90,62.37
2024-04-17,63.30,63.36,60.73,61.26
2024-04-18,61.73,62.52,60.47,60.78
2024-04-19,60.76,61.13,58.74,59.16
2024-04-22,60.15,61.78,59.28,60.75
2024-04-23,61.56,63.12,61.36,62.93
2024-04-24,63.29,63.56,62.00,62.88
2024-04-25,60.43,62.35,59.84,62.03
2024-04-26,63.10,64.41,62.87,63.82
2024-04-29,64.50,64.72,63.41,64.44
2024-04-30,63.84,64.25,61.39,61.40
2024-05-01,61.13,63.63,60.58,60.70
2024-05-02,62.09,62.70,60.39,62.37
2024-05-03,64.66,65.17,63.69,64.69
2024-05-06,65.63,66.69,65.45,66.69
2024-05-07,67.05,67.44,66.61,66.89
2024-05-08,66.12,67.08,66.08,66.86
2024-05-09,66.89,67.97,66.61,67.94
2024-05-10,68.58,68.92,67.72,68.23
2024-05-13,68.86,68.89,67.74,68.19
2024-05-14,68.26,69.33,68.04,69.11
2024-05-15,70.10,71.79,69.85,71.64
2024-05-16,71.64,72.30,71.10,71.16
2024-05-17,71.17,71.47,70.58,71.44
2024-05-20,71.45,72.27,71.29,71.65
2024-05-21,71.30,72.22,71.24,72.14
2024-05-22,71.85,72.13,70.60,71.48
2024-05-23,72.68,72.72,69.33,69.82
2024-05-24,70.59,71.53,70.18,71.21
2024-05-28,71.52,71.60,70.24,71.34
2024-05-29,69.61,70.29,69.51,69.80
2024-05-30,69.15,69.42,67.89,68.37
2024-05-31,68.70,70.26,66.65,70.17
2024-06-03,70.84,70.88,68.26,70.34
2024-06-04,69.80,70.85,69.17,70.52
2024-06-05,71.49,73.05,70.65,73.02
2024-06-06,73.17,73.33,72.21,72.99
2024-06-07,72.55,73.86,72.07,72.64
2024-06-10,72.30,73.45,72.05,73.30
2024-06-11,72.67,73.85,71.82,73.80
2024-06-12,75.73,76.75,75.19,75.60
2024-06-13,76.35,76.41,74.86,76.07
2024-06-14,75.34,76.13,74.89,76.08
2024-06-17,75.80,78.47,75.59,77.87
2024-06-18,77.89,78.51,77.71,78.44
2024-06-20,78.84,79.12,77.02,77.75
2024-06-21,77.35,77.88,76.78,77.20
2024-06-24,77.28,78.41,76.57,76.59
2024-06-25,77.12,77.63,76.47,77.44
2024-06-26,76.73,77.81,76.45,77.53
2024-06-27,77.41,78.10,77.10,77.82
2024-06-28,78.11,79.44,76.31,76.84
2024-07-01,77.42,77.51,76.11,77.28
2024-07-02,76.60,78.82,76.55,78.79
2024-07-03,78.63,79.97,78.62,79.78
2024-07-05,79.90,81.31,79.60,81.12
2024-07-08,81.48,81.80,80.89,81.37
2024-07-09,81.77,82.17,81.46,81.57
2024-07-10,82.11,84.13,81.98,83.92
2024-07-11,84.01,84.40,81.48,81.76
2024-07-12,82.21,84.87,82.05,83.22
2024-07-15,84.12,85.36,83.06,83.90
2024-07-16,84.47,85.48,84.12,85.37
2024-07-17,82.56,83.35,81.59,81.73
2024-07-18,82.40,82.84,78.85,79.79
2024-07-19,79.61,80.34,77.68,78.11
2024-07-22,79.83,80.79,78.98,80.54
2024-07-23,80.46,81.42,79.91,80.12
2024-07-24,77.93,78.09,74.23,74.64
2024-07-25,74.65,77.18,73.06,73.42
2024-07-26,74.95,76.96,74.63,75.84
2024-07-29,76.46,76.90,75.08,75.91
2024-07-30,76.54,76.98,73.30,74.74
2024-07-31,77.60,79.47,77.04,78.23
2024-08-01,79.10,80.06,73.50,75.01
2024-08-02,71.91,72.44,68.97,70.77
2024-08-05,62.21,67.01,61.71,64.53
2024-08-06,65.21,69.13,64.68,66.30
2024-08-07,68.69,69.86,64.70,64.91
2024-08-08,66.90,69.65,66.10,69.39
2024-08-09,69.02,70.85,68.53,70.24
2024-08-12,70.70,71.32,69.43,70.32
2024-08-13,71.63,73.88,71.53,73.77
2024-08-14,74.14,74.96,72.97,74.48
2024-08-15,76.78,78.38,76.57,78.26
2024-08-16,77.50,79.01,77.43,78.67
2024-08-19,78.87,80.93,78.52,80.93
2024-08-20,80.72,81.46,79.93,80.49
2024-08-21,80.94,81.97,80.19,81.36
2024-08-22,82.16,82.42,78.85,79.38
2024-08-23,80.75,82.24,79.77,81.81
2024-08-26,82.24,82.57,80.47,81.17
2024-08-27,80.61,81.73,80.13,81.51
2024-08-28,81.36,81.53,78.64,80.07
2024-08-29,80.90,82.34,79.56,80.03
2024-08-30,80.99,82.45,79.43,82.20
2024-09-03,80.79,80.95,76.00,77.14
2024-09-04,76.29,78.06,76.00,76.57
2024-09-05,76.54,77.77,74.97,76.01
2024-09-06,76.09,76.77,71.72,72.12
2024-09-09,73.81,75.01,73.00,74.48
2024-09-10,75.26,75.60,73.24,75.43
2024-09-11,75.40,78.14,71.77,77.70
2024-09-12,77.99,79.81,77.02,79.66
2024-09-13,79.88,81.29,79.77,80.83
2024-09-16,80.71,81.30,79.93,81.21
2024-09-17,82.15,82.79,80.28,81.28
2024-09-18,81.53,83.67,80.28,80.50
2024-09-19,84.63,85.42,83.38,84.59
2024-09-20,83.95,84.56,82.73,84.02
2024-09-23,84.55,84.99,84.01,84.67
2024-09-24,85.02,85.42,83.75,85.39
2024-09-25,85.09,85.41,84.07,84.55
2024-09-26,86.51,86.63,84.49,85.57
2024-09-27,85.98,86.35,84.66,85.09
2024-09-30,84.61,86.37,83.58,86.19
2024-10-01,85.91,85.93,82.58,83.80
2024-10-02,83.33,84.30,82.25,83.81
2024-10-03,83.17,84.23,82.33,83.34
2024-10-04,85.27,85.71,83.43,85.52
2024-10-07,84.77,85.06,82.67,83.22
2024-10-08,84.30,85.78,83.93,85.53
2024-10-09,85.50,87.54,85.24,87.27
2024-10-10,86.66,87.44,86.05,86.79
2024-10-11,86.65,88.57,86.60,88.22
2024-10-14,88.99,90.82,88.83,90.39
2024-10-15,90.50,90.65,87.71,88.29
2024-10-16,88.24,89.62,87.88,89.37
2024-10-17,91.04,91.12,89.31,89.39
2024-10-18,90.11,90.70,89.42,90.31
2024-10-21,89.98,90.42,88.46,89.88
2024-10-22,88.63,90.21,88.33,89.69
2024-10-23,88.69,88.90,85.53,87.17
2024-10-24,88.09,88.10,86.54,87.71
2024-10-25,88.69,90.02,87.12,87.54
2024-10-28,89.12,89.14,88.20,88.33
2024-10-29,87.86,89.26,87.21,88.71
2024-10-30,88.51,89.42,87.57,87.90
2024-10-31,85.86,85.89,82.62,82.66
2024-11-01,83.80,85.64,83.49,83.66
2024-11-04,83.71,84.29,82.27,83.09
2024-11-05,83.52,86.10,83.41,86.09
2024-11-06,91.67,92.89,89.97,92.50
2024-11-07,93.44,95.08,93.38,94.58
2024-11-08,94.76,96.40,94.76,95.78
2024-11-11,96.53,96.66,95.15,95.98
2024-11-12,95.93,96.21,93.84,95.05
2024-11-13,95.24,96.15,94.11,95.17
2024-11-14,95.20,95.44,92.97,93.30
2024-11-15,91.53,91.74,88.73,89.62
2024-11-18,89.83,91.32,89.41,90.71
2024-11-19,89.08,92.01,88.78,91.70
2024-11-20,91.70,91.86,88.99,91.75
2024-11-21,93.07,93.85,90.29,93.17
2024-11-22,93.10,94.26,92.87,93.94
2024-11-25,95.83,96.47,93.77,94.86
2024-11-26,95.45,96.67,95.14,96.38
2024-11-27,96.21,96.37,94.66,95.39
2024-11-29,95.69,97.47,95.59,97.05
2024-12-02,97.28,97.91,97.03,97.62
2024-12-03,97.48,97.81,96.95,97.67
2024-12-04,98.49,99.58,98.18,99.44
2024-12-05,99.44,99.86,98.79,98.96
2024-12-06,99.25,100.06,99.05,99.48
2024-12-09,99.34,99.43,97.57,97.86
2024-12-10,98.16,98.34,96.60,96.94
2024-12-11,98.32,99.61,98.18,99.18
2024-12-12,98.68,98.95,97.58,97.60
2024-12-13,98.47,98.85,96.75,97.46
2024-12-16,98.24,99.12,97.89,98.63
2024-12-17,97.35,97.81,96.71,97.37
2024-12-18,97.21,98.40,88.43,88.74
2024-12-19,90.90,91.65,88.43,88.54
2024-12-20,87.35,93.70,86.98,91.48
2024-12-23,91.22,93.26,89.73,93.01
2024-12-24,93.55,96.02,93.28,95.98
2024-12-26,95.11,96.54,94.46,95.97
2024-12-27,94.08,94.21,90.85,92.91
2024-12-30,89.50,91.31,87.89,89.66
2024-12-31,90.39,90.71,87.89,88.64
2025-01-02,90.07,90.89,86.09,87.90
2025-01-03,89.20,91.45,88.69,91.12
2025-01-06,93.10,94.72,91.89,92.70
2025-01-07,93.66,93.79,88.66,89.60
2025-01-08,89.52,90.36,87.91,89.84
2025-01-10,88.14,88.17,84.79,85.70
2025-01-13,83.56,86.21,83.36,86.11
2025-01-14,87.35,87.63,84.70,86.36
2025-01-15,89.99,91.58,89.47,91.07
2025-01-16,91.68,91.76,90.19,90.55
2025-01-17,92.83,93.94,92.23,93.10
2025-01-21,94.57,95.62,93.62,95.53
2025-01-22,97.00,97.89,96.77,97.18
2025-01-23,96.89,98.78,96.76,98.77
2025-01-24,98.76,99.22,97.29,97.84
2025-01-27,91.46,93.82,91.36,93.67
2025-01-28,94.22,96.45,92.65,96.01
2025-01-29,95.63,95.83,93.49,94.69
2025-01-30,95.73,96.95,94.18,96.20
2025-01-31,97.30,98.48,94.21,94.57
2025-02-03,90.28,93.82,89.22,92.61
2025-02-04,92.61,94.73,92.40,94.48
2025-02-05,93.93,95.67,92.95,95.58
2025-02-06,96.40,96.63,94.82,96.57
2025-02-07,96.77,97.35,93.49,93.84
2025-02-10,95.33,96.01,94.72,95.65
2025-02-11,94.59,96.16,94.54,95.85
2025-02-12,92.96,95.51,92.67,94.96
2025-02-13,95.45,98.02,94.86,97.92
2025-02-14,97.94,98.41,97.48,97.81
2025-02-18,98.34,98.62,97.15,98.56
2025-02-19,97.92,99.44,97.67,99.29
2025-02-20,98.59,98.65,96.38,98.02
2025-02-21,97.84,97.87,92.68,92.95
2025-02-24,93.81,94.30,91.27,91.61
2025-02-25,91.56,91.88,88.05,90.16
2025-02-26,90.94,92.61,89.10,90.26
2025-02-27,91.36,91.86,85.78,85.95
2025-02-28,86.09,90.12,84.72,89.85
2025-03-03,90.76,91.30,83.40,85.25
2025-03-04,83.33,85.81,80.06,82.10
2025-03-05,81.98,85.48,80.44,84.67
2025-03-06,81.39,83.40,79.03,80.21
2025-03-07,79.34,82.05,77.17,81.39
2025-03-10,77.87,78.71,72.78,74.96
2025-03-11,74.39,75.76,71.46,73.08
2025-03-12,75.44,75.81,72.10,74.15
2025-03-13,73.97,74.22,70.46,71.19
2025-03-14,72.92,75.88,72.65,75.48
2025-03-17,75.43,78.25,75.29,77.18
2025-03-18,76.22,76.31,73.90,74.73
2025-03-19,75.39,78.61,74.90,77.06
2025-03-20,75.50,78.48,75.25,76.50
2025-03-21,74.52,76.77,73.98,76.50
2025-03-24,79.20,80.93,78.92,80.47
2025-03-25,81.01,81.46,80.32,81.00
2025-03-26,80.71,81.16,77.36,78.01
2025-03-27,77.38,78.86,76.42,77.28
2025-03-28,76.61,76.90,72.34,72.64
2025-03-31,70.26,74.51,69.11,73.90
2025-04-01,73.20,75.39,71.72,74.62
2025-04-02,72.24,77.15,72.12,76.03
2025-04-03,68.13,69.28,64.83,65.13
2025-04-04,59.97,60.76,53.28,53.82
2025-04-07,48.17,58.94,45.88,53.05
2025-04-08,58.53,59.48,48.22,50.65
2025-04-09,49.54,65.68,49.41,64.81
2025-04-10,60.72,61.20,52.63,58.03
2025-04-11,57.45,61.91,56.47,61.08
2025-04-14,64.53,64.60,61.03,62.78
2025-04-15,63.00,64.23,61.98,62.29
2025-04-16,60.19,61.37,56.25,58.12
2025-04-17,58.67,59.86,57.45,58.28
2025-04-21,56.50,56.70,52.32,54.14
2025-04-22,56.08,58.97,55.77,58.20
2025-04-23,62.64,64.29,60.48,60.99
2025-04-24,61.41,65.10,60.99,64.77
2025-04-25,64.77,66.33,63.74,66.14
2025-04-28,66.40,67.20,64.13,66.28
2025-04-29,65.55,67.86,65.42,67.40
2025-04-30,65.00,68.24,62.78,67.47
2025-05-01,69.66,71.00,68.72,68.92
2025-05-02,71.23,72.55,70.34,71.91
2025-05-05,70.34,71.90,70.01,70.73
2025-05-06,68.56,70.61,68.22,68.93
2025-05-07,69.39,70.72,67.88,69.80
2025-05-08,71.28,73.17,69.95,71.16
2025-05-09,71.69,72.06,70.30,70.84
2025-05-12,77.31,77.86,75.63,77.79
2025-05-13,78.05,80.29,77.80,79.37
2025-05-14,79.78,80.24,78.86,79.64
2025-05-15,78.84,81.03,78.63,80.78
2025-05-16,81.08,82.40,80.28,82.29
2025-05-19,79.72,82.80,79.72,82.55
2025-05-20,81.77,82.17,80.32,81.65
2025-05-21,79.82,81.52,77.08,77.56
2025-05-22,77.42,78.97,76.93,77.54
2025-05-23,74.64,76.95,74.48,75.92
2025-05-27,78.61,80.67,77.95,80.56
2025-05-28,80.77,81.26,78.90,79.17
2025-05-29,81.32,81.39,78.48,80.06
2025-05-30,79.57,80.45,77.26,79.78
2025-06-02,79.07,81.11,77.99,81.04
2025-06-03,80.92,82.87,80.71,82.48
2025-06-04,82.81,83.20,82.20,82.35
2025-06-05,83.05,83.60,80.32,81.11
2025-06-06,83.37,84.28,82.64,83.53
2025-06-09,83.79,84.43,83.29,83.73
2025-06-10,83.96,85.33,83.51,85.18
2025-06-11,85.61,85.99,83.55,84.44
2025-06-12,83.84,85.40,83.62,85.40
2025-06-13,83.12,84.52,81.82,82.42
2025-06-16,83.84,85.52,83.81,84.80
2025-06-17,83.70,84.37,82.29,82.58
2025-06-18,82.92,84.07,82.10,82.52
2025-06-20,83.55,84.01,81.25,81.80
2025-06-23,82.12,84.39,80.82,84.23
2025-06-24,85.97,87.45,85.60,87.01
2025-06-25,87.24,87.48,86.24,86.95
2025-06-26,87.68,89.09,87.42,88.92
2025-06-27,89.25,90.80,88.40,90.12
2025-06-30,91.22,92.02,90.20,91.44
2025-07-01,90.72,91.82,90.36,91.26
2025-07-02,91.10,92.52,90.82,92.47
2025-07-03,93.31,94.98,93.29,94.60
2025-07-07,93.65,93.95,91.16,92.48
2025-07-08,92.72,93.05,91.91,92.25
2025-07-09,93.35,94.20,92.51,93.88
2025-07-10,93.95,95.14,93.41,94.66
2025-07-11,93.18,94.14,92.65,93.55
2025-07-14,93.35,94.25,92.73,94.06
2025-07-15,95.30,95.44,92.82,92.84
2025-07-16,93.52,93.97,91.00,93.73
2025-07-17,93.81,95.62,93.73,95.46
2025-07-18,95.93,95.98,94.64,95.17
2025-07-21,95.68,96.93,95.48,95.68
2025-07-22,95.80,96.03,94.46,95.67
2025-07-23,96.87,98.09,96.05,98.08
2025-07-24,98.27,98.96,97.98,98.21
2025-07-25,98.40,99.55,98.29,99.28
2025-07-28,99.51,99.74,98.59,99.22
2025-07-29,99.87,100.00,97.99,98.43
2025-07-30,98.73,99.51,96.67,98.04
2025-07-31,100.30,100.47,96.29,96.84
2025-08-01,94.15,94.16,90.93,92.02
2025-08-04,93.77,96.20,93.73,96.14
2025-08-05,96.46,96.83,94.27,94.73
2025-08-06,95.17,97.13,94.76,96.78
2025-08-07,98.42,98.75,95.15,96.60
2025-08-08,97.35,98.97,97.20,98.75
2025-08-11,98.84,99.54,97.54,98.07
2025-08-12,99.20,101.33,98.54,101.21
2025-08-13,102.26,102.86,101.22,102.26
2025-08-14,101.24,102.57,101.00,102.25
2025-08-15,102.68,102.70,100.99,101.47
2025-08-18,101.14,101.64,100.81,101.33
2025-08-19,101.22,101.70,99.03,99.62
2025-08-20,99.43,99.55,96.42,98.79
2025-08-21,97.94,98.74,96.81,97.64
2025-08-22,98.53,102.57,98.31,101.98
2025-08-25,101.39,101.98,100.61,100.67
2025-08-26,100.51,102.05,100.19,101.88
2025-08-27,101.59,102.90,101.53,102.52
2025-08-28,102.84,103.87,101.91,103.60
2025-08-29,102.81,102.97,100.73,101.63
2025-09-02,98.04,99.43,96.81,99.38
2025-09-03,100.43,101.15,99.41,100.87
2025-09-04,101.23,103.43,100.78,103.38
2025-09-05,104.47,104.83,100.58,102.38
2025-09-08,103.07,103.65,102.40,103.15
2025-09-09,103.22,104.08,102.36,103.86
2025-09-10,105.40,105.85,103.96,104.74
2025-09-11,105.64,107.63,105.36,107.28
2025-09-12,107.22,107.94,106.86,107.08
2025-09-15,108.17,108.85,108.03,108.73
2025-09-16,109.03,109.19,107.92,108.25
2025-09-17,108.29,109.10,105.44,107.86
2025-09-18,109.19,110.65,108.39,109.35
2025-09-19,110.21,111.29,109.24,110.81
2025-09-22,110.09,112.63,110.08,112.39
2025-09-23,112.34,112.64,109.95,110.60
2025-09-24,110.97,111.01,108.54,109.24
2025-09-25,107.66,108.37,105.90,107.68
2025-09-26,108.35,109.75,107.56,109.42
2025-09-29,110.68,111.12,109.47,110.32
2025-09-30,109.94,111.79,109.32,111.49
2025-10-01,110.03,113.14,109.98,112.70
2025-10-02,113.68,113.71,111.80,113.01
2025-10-03,113.33,114.68,112.41,112.88
2025-10-06,114.12,114.57,113.03,114.11
2025-10-07,114.59,114.78,112.08,112.83
2025-10-08,113.39,114.83,112.94,114.78
2025-10-09,114.97,115.19,112.77,113.79
2025-10-10,114.16,115.06,104.35,104.49
2025-10-13,108.07,109.98,107.65,109.24
2025-10-14,106.29,110.56,104.30,108.76
2025-10-15,111.01,112.68,107.15,110.15
2025-10-16,111.04,111.93,106.19,107.93
2025-10-17,107.28,110.33,106.61,109.64
2025-10-20,111.09,113.51,111.07,113.05
2025-10-21,113.11,113.88,112.37,113.02
2025-10-22,113.35,113.35,108.98,111.23
2025-10-23,111.33,113.64,111.20,113.10
2025-10-24,115.45,116.47,115.05,115.76
2025-10-27,118.65,120.06,118.32,119.90
2025-10-28,120.83,121.80,119.66,120.78
2025-10-29,121.66,122.19,118.60,120.91
2025-10-30,119.06,120.15,116.98,117.03
2025-10-31,119.55,119.59,116.55,117.94
2025-11-03,119.85,119.92,116.87,118.68
2025-11-04,114.83,116.86,114.05,114.46
2025-11-05,114.22,117.20,113.80,115.46
2025-11-06,114.96,115.40,110.96,111.76
2025-11-07,110.49,112.08,107.13,112.05
2025-11-10,115.09,117.57,113.99,117.12
2025-11-11,116.41,118.28,115.79,117.93
2025-11-12,118.95,118.97,116.92,118.13
2025-11-13,116.62,116.82,111.48,112.25
2025-11-14,108.80,113.94,107.74,112.08
2025-11-17,110.93,112.92,107.17,108.91
2025-11-18,107.10,108.60,104.05,106.19
2025-11-19,106.45,109.60,105.46,107.32
2025-11-20,112.31,113.59,102.08,102.38
2025-11-21,103.47,107.96,101.50,105.38
2025-11-24,107.10,110.62,106.56,110.01
2025-11-25,109.88,113.64,107.85,113.02
2025-11-26,114.28,116.35,113.87,115.32
2025-11-28,115.84,117.26,115.68,117.13
2025-12-01,114.73,116.88,114.70,115.49
2025-12-02,116.28,117.26,114.96,116.07
2025-12-03,115.60,117.79,115.12,117.21
2025-12-04,117.95,118.00,115.91,117.52
2025-12-05,117.97,119.46,117.50,118.03
2025-12-08,118.52,118.52,115.91,116.95
2025-12-09,116.67,117.82,116.39,116.61
2025-12-10,116.37,119.63,115.70,118.85
2025-12-11,117.60,119.75,116.07,119.56
2025-12-12,119.13,119.45,114.40,115.72
2025-12-15,117.74,117.74,114.45,115.18
2025-12-16,114.36,115.31,112.22,114.20
2025-12-17,114.69,114.94,110.29,110.39
2025-12-18,113.42,114.95,112.08,112.86
2025-12-19,113.87,116.08,113.77,115.81
2025-12-22,117.50,118.22,116.86,117.90
2025-12-23,117.46,119.65,117.42,119.51
2025-12-24,119.14,120.61,119.07,120.32
2025-12-26,120.43,120.96,119.71,120.23
2025-12-29,118.79,119.64,118.00,118.92
2025-12-30,118.70,119.26,118.25,118.44
2025-12-31,118.49,118.59,115.68,115.76
2026-01-02,117.60,118.20,114.63,116.33
2026-01-05,118.00,119.48,117.94,118.59
2026-01-06,118.69,120.93,118.61,120.65
2026-01-07,120.84,121.78,119.33,119.51
2026-01-08,119.06,119.97,118.35,119.36
2026-01-09,119.89,122.32,119.15,121.65
2026-01-12,119.87,122.71,119.86,122.23
2026-01-13,122.41,122.68,120.20,121.43
2026-01-14,119.97,120.34,117.42,119.67
2026-01-15,121.78,122.24,120.05,120.54
2026-01-16,121.19,121.50,119.36,120.13
2026-01-20,114.82,116.51,112.27,112.78
2026-01-21,113.77,118.30,113.03,116.59
2026-01-22,118.86,119.52,117.39,118.40
2026-01-23,117.92,119.36,117.41,118.42
2026-01-26,119.06,120.96,118.80,120.23
2026-01-27,120.97,122.18,120.65,121.67
2026-01-28,122.45,122.85,120.81,121.60
2026-01-29,122.02,122.37,115.98,120.74
2026-01-30,119.57,120.80,117.08,119.61
2026-02-02,118.37,122.17,118.30,121.43
2026-02-03,121.79,122.16,115.39,118.25
2026-02-04,118.66,119.18,114.24,116.49
2026-02-05,113.79,115.19,111.20,112.03
2026-02-06,113.91,119.31,113.69,118.48
2026-02-09,117.81,121.12,117.28,120.14
2026-02-10,120.66,121.47,118.91,119.15
2026-02-11,121.37,121.72,117.63,119.00
2026-02-12,120.23,120.77,113.06,113.49
2026-02-13,113.57,115.88,111.48,113.51
2026-02-17,112.77,115.16,110.60,114.06
2026-02-18,114.69,117.25,114.09,115.77
2026-02-19,114.53,115.73,113.38,114.89
2026-02-20,113.65,117.54,113.41,117.24
2026-02-23,116.39,117.52,112.64,113.66
2026-02-24,113.35,116.56,112.44,116.07
2026-02-25,117.47,119.26,117.44,118.95
2026-02-26,119.04,119.08,114.43,116.98
2026-02-27,113.69,115.61,113.00,115.31
2026-03-02,111.49,116.45,111.16,115.32
2026-03-03,109.62,113.42,106.89,112.24
2026-03-04,112.87,115.59,111.89,114.61
2026-03-05,113.06,114.77,109.80,112.70
2026-03-06,108.63,109.98,106.82,108.16
2026-03-09,105.20,111.74,103.27,110.97
2026-03-10,110.65,113.41,109.21,110.31
2026-03-11,110.54,111.76,108.49,109.94
2026-03-12,107.35,107.62,104.80,104.89
2026-03-13,106.30,107.76,102.60,103.01
2026-03-16,105.83,107.54,105.24,106.10
2026-03-17,107.70,108.67,106.60,106.92
2026-03-18,105.74,106.37,102.35,102.47
2026-03-19,100.27,103.11,99.48,101.63
2026-03-20,100.88,100.95,95.44,97.09
2026-03-23,101.35,103.45,99.54,100.21
2026-03-24,98.34,100.94,97.68,99.17
2026-03-25,101.41,102.43,99.43,100.52
2026-03-26,98.34,99.64,95.05,95.18
2026-03-27,93.92,94.00,89.79,90.21
2026-03-30,92.73,92.85,88.15,89.29
2026-03-31,92.19,97.52,91.81,96.98
2026-04-01,98.58,100.66,98.21,99.17
2026-04-02,95.10,100.30,94.51,99.38
2026-04-06,99.35,101.09,99.20,100.74
2026-04-07,99.68,101.00,97.11,100.85
2026-04-08,108.69,109.04,106.48,108.46
2026-04-09,107.97,110.98,107.44,110.36
2026-04-10,110.99,111.35,109.58,110.01
2026-04-13,109.06,113.36,108.67,113.23
2026-04-14,114.03,117.44,114.02,117.34
2026-04-15,117.79,120.29,117.27,120.06
2026-04-16,120.69,121.55,119.37,120.96
2026-04-17,123.21,126.43,123.03,125.23
2026-04-20,124.49,125.12,123.14,124.49
2026-04-21,125.28,125.81,121.29,122.07
2026-04-22,124.61,125.80,124.15,125.69
2026-04-23,124.72,126.26,120.94,124.16
2026-04-24,125.28,127.25,124.40,126.99
2026-04-27,126.52,127.81,126.06,127.59
2026-04-28,125.75,126.32,124.40,125.69
2026-04-29,125.28,125.93,123.90,125.62
2026-04-30,127.19,129.89,124.98,129.18
2026-05-01,130.61,132.57,130.19,130.30
2026-05-04,129.92,131.03,127.20,128.85
2026-05-05,130.80,132.54,130.65,131.85
2026-05-06,134.22,137.75,134.08,137.30
2026-05-07,138.00,138.59,135.02,136.02
2026-05-08,137.81,139.52,137.60,139.22
2026-05-11,138.63,141.03,138.59,140.09
2026-05-12,138.84,139.90,135.93,139.53
2026-05-13,139.64,142.70,137.96,141.83
2026-05-14,142.59,145.93,142.53,145.10
2026-05-15,141.35,142.29,139.10,139.73
2026-05-18,140.16,141.04,136.48,139.36
2026-05-19,137.23,138.83,135.39,136.64
2026-05-20,137.71,141.14,136.70,140.83
2026-05-21,139.25,142.79,138.42,141.58
2026-05-22,143.48,145.00,142.50,143.08
2026-05-26,145.60,146.81,144.64,145.86
2026-05-27,146.05,146.31,144.48,145.84
2026-05-28,145.59,148.51,145.07,148.19
2026-05-29,148.85,150.12,148.14,149.18
2026-06-01,148.50,151.38,148.11,150.29
2026-06-02,149.44,151.41,149.23,150.87
2026-06-03,150.00,150.40,147.33,147.72
2026-06-04,146.41,150.05,146.03,149.33
2026-06-05,146.39,146.68,136.45,137.53
2026-06-08,140.84,141.92,137.94,138.57
2026-06-09,140.96,142.80,129.21,137.23
2026-06-10,135.18,137.97,130.68,130.69
2026-06-11,132.43,138.58,130.15,137.29
2026-06-12,138.87,140.95,135.75,139.41
2026-06-15,145.14,147.87,145.10,146.74
2026-06-16,146.64,147.11,143.88,144.14
2026-06-17,144.63,145.14,137.75,138.74
2026-06-18,143.45,143.72,141.29,142.81
2026-06-22,143.38,144.75,140.77,141.42
2026-06-23,135.29,138.74,134.58,135.38
2026-06-24,135.72,138.48,133.46,134.70
2026-06-25,137.82,138.09,132.76,134.73
2026-06-26,132.19,136.44,131.11,132.08
2026-06-29,136.40,139.14,133.95,138.76
2026-06-30,138.86,142.75,138.74,141.79
2026-07-01,140.94,143.53,139.50,141.39
2026-07-02,142.24,144.40,138.02,140.77
2026-07-06,142.81,145.01,142.17,144.41
2026-07-07,143.75,144.14,140.84,142.21
2026-07-08,139.67,141.32,137.52,140.83
2026-07-09,141.92,144.60,140.99,144.39
2026-07-10,144.47,146.45,142.27,146.16
2026-07-13,144.68,145.54,142.14,142.73
2026-07-14,143.76,145.10,142.46,144.28
2026-07-15,145.60,146.41,143.34,145.87
2026-07-16,144.74,145.75,141.95,143.61
2026-07-17,138.47,141.43,137.76,139.05
2026-07-20,141.12,142.14,138.10,138.47
2026-07-21,140.74,142.29,139.57,141.89
2026-07-22,140.89,142.80,140.74,141.27
2026-07-23,136.69,138.51,134.34,136.13
2026-07-24,136.12,139.00,135.43,136.27
2026-07-27,139.56,139.96,134.61,136.36
2026-07-28,136.39,138.41,134.65,137.30
2026-07-29,136.76,138.30,130.78,131.01
2026-07-30,134.44,137.88,133.72,137.57
2026-07-31,139.11,141.39,135.19,140.28
2026-08-03,141.66,146.86,141.50,146.32
2026-08-04,148.00,155.41,147.96,154.14
2026-08-05,156.87,157.50,153.11,153.24
2026-08-06,153.46,154.41,151.86,152.43
2026-08-07,153.80,155.53,152.98,155.06
2026-08-10,154.68,156.17,154.21,154.98
2026-08-11,155.87,155.87,152.71,153.36
2026-08-12,155.79,155.96,153.90,154.55
2026-08-13,155.93,158.63,155.52,157.68
2026-08-14,158.00,158.16,156.13,156.63
2026-08-17,156.51,156.90,154.30,154.40
2026-08-18,151.97,152.48,150.93,151.19
